Guess,ierse,ilias,india,inuit,icing,icoon,idool,iebel,ieder,iepen,image,imago,imker,immer,inbox,index,ineen,inert,inham,ink1k,inkom,inlas,inleg,innen,innig,input,inren,inrit,intro,inval,inzet,ionen,ippon,islam,issue,ivoor,inwit,indom,infra
ieren,22210,20000,20001,20001,20001,20002,20000,22020,22120,22022,21000,20000,20120,20120,20001,20021,21022,21101,20001,20001,20001,20001,20021,20022,20001,20001,20222,20201,20101,20001,20021,20022,20002,20000,21000,20100,20001,20001,20101
iaden,20010,21000,21201,20001,20001,20002,20100,20020,20220,20022,21010,21000,20020,20020,20001,20221,20022,20011,21001,20001,20001,21001,20021,20022,20001,20001,20022,20001,20001,21001,20021,20022,20002,21000,20010,20000,20001,20201,21001
idees,20111,20002,21000,20000,20000,20000,22000,20120,21120,20120,20100,20000,20020,20020,20000,21020,20220,20200,20000,20000,20000,20002,20020,20020,20000,20000,20020,20000,20000,20000,20020,20020,20000,20001,20101,20000,20000,21000,20000
imams,20001,20102,20100,20000,20000,20000,20000,20000,20000,20000,22200,22200,22000,22010,20000,20000,20000,20000,21100,20000,21000,20102,20000,20000,20000,20000,20000,20000,20000,20100,20000,20000,20000,21101,20001,20000,20000,21000,20100
inbed,20010,20000,22001,22000,21000,21000,20001,20220,20021,21020,20010,20000,20020,20020,22200,22021,22020,22010,22000,22000,22000,22000,22020,22020,22000,22000,22020,22000,22000,22000,22020,21020,21000,20000,20010,20000,22000,22001,22000
inb1t,20000,20000,22000,22002,21000,21000,20000,20200,20000,21000,20000,20000,20000,20000,22200,22000,22000,22002,22000,22020,22000,22000,22000,22000,22000,22002,22000,22002,22001,22000,22002,21000,21000,20000,20000,20000,22002,22000,22000
indam,20000,20020,22210,22000,21000,21000,20100,20000,20200,21000,20011,20011,20001,20001,22000,22200,22000,22000,22022,22000,22002,22020,22000,22000,22000,22000,22000,22000,22000,22020,22000,21000,21000,20022,20000,20000,22000,22202,22010
indek,20010,20000,22200,22000,21000,21000,20100,20020,20220,21020,20010,20000,20021,20020,22000,22220,22020,22010,22000,22002,22001,22000,22020,22020,22000,22000,22020,22000,22000,22000,22020,21020,21000,20000,20010,20000,22000,22200,22000
inden,20010,20000,22200,22000,21000,20002,20100,20020,20220,20022,20010,20000,20020,20020,22000,22220,22022,22010,22000,22000,22000,22000,22020,22022,22001,22000,22022,22000,22000,22000,22020,21022,20002,20000,20010,20000,22000,22200,22000
ind1k,20000,20000,22200,22000,21000,21000,20100,20000,20200,21000,20000,20000,20001,20000,22000,22200,22000,22000,22000,22022,22001,22000,22000,22000,22000,22000,22000,22000,22000,22000,22000,21000,21000,20000,20000,20000,22000,22200,22000
indik,20000,20010,22220,22020,21010,21000,20100,20000,20200,21000,20000,20000,20001,20000,22000,22200,22000,22000,22000,22002,22001,22000,22000,22000,22020,22000,22000,22020,22000,22000,22000,21000,21000,20000,20000,20000,22020,22200,22000
indut,20000,20000,22200,22012,21000,21000,20100,20000,20200,21000,20000,20000,20000,20000,22000,22200,22000,22002,22000,22000,22000,22000,22000,22000,22000,22022,22000,22002,22001,22000,22002,21000,21000,20000,20020,20000,22002,22200,22000
induw,20000,20000,22200,22010,21000,21000,20100,20000,20200,21000,20000,20000,20000,20000,22000,22200,22000,22000,22000,22000,22000,22000,22000,22000,22000,22020,22000,22000,22000,22000,22000,21000,21000,20000,20020,20000,22001,22200,22000
inent,20100,20000,22000,22002,20020,21000,20000,20100,20100,21100,20100,20000,20100,20100,22000,22100,22210,22202,22000,22000,22000,22000,22100,22110,22010,22002,22110,22002,22001,22000,22102,21110,21000,20000,20100,20000,22002,22000,22000
ingaf,20000,20020,22010,22000,21100,21000,20000,20000,20000,21000,20110,20110,20000,20000,22000,22000,22000,22000,22020,22000,22000,22020,22100,22000,22100,22000,22000,22000,22000,22020,22000,21000,21000,20020,20000,20000,22000,22000,22011
inhak,20000,20020,22010,22000,21000,21000,20000,20000,20000,21000,20010,20010,20001,20000,22000,22000,22000,22000,22220,22002,22001,22020,22000,22000,22000,22000,22000,22000,22000,22020,22000,21000,21000,20020,20000,20000,22000,22000,22010
inhei,20010,20001,22001,22001,21001,21000,20000,20020,20020,21020,20010,20000,20020,20020,22000,22020,22020,22010,22200,22000,22000,22000,22020,22020,22001,22000,22020,22001,22000,22000,22020,21020,21000,20000,20010,20000,22001,22000,22000
inlap,20000,20120,22010,22000,21000,21000,20100,20100,20000,21001,20010,20010,20000,20000,22000,22000,22000,22000,22020,22000,22000,22220,22200,22000,22000,22001,22000,22000,22000,22120,22000,21000,21001,20220,20000,20000,22000,22000,22010
inlos,20001,20102,22000,22000,21000,21020,20120,20100,20000,21000,20000,20010,20000,20000,22020,22000,22000,22000,22000,22000,22020,22202,22200,22000,22000,22000,22000,22000,22010,22100,22000,21010,21020,20201,20001,20020,22000,22020,22000
inmat,20000,20020,22010,22002,21000,21000,20000,20000,20000,21000,20110,20110,20100,20200,22000,22000,22000,22002,22120,22000,22100,22020,22000,22000,22000,22002,22000,22002,22001,22020,22002,21000,21000,20120,20000,20000,22002,22100,22010
inm1n,20000,20000,22000,22000,21000,20002,20000,20000,20000,20002,20100,20100,20100,20200,22000,22000,22002,22000,22100,22020,22100,22000,22000,22002,22001,22000,22002,22000,22000,22000,22000,21002,20002,20100,20000,20000,22000,22100,22000
innam,20000,20020,22010,22000,21000,21000,20000,20000,20000,21000,20011,20011,20001,20001,22000,22000,22100,22000,22022,22000,22002,22020,22000,22200,22200,22000,22100,22000,22000,22020,22000,21200,21000,20022,20000,20000,22000,22002,22010
inpak,20000,20020,22010,22000,21000,21000,20000,20000,20000,21200,20010,20010,20001,20000,22000,22000,22000,22000,22020,22002,22001,22020,22000,22000,22000,22200,22000,22000,22000,22020,22000,21000,21200,20020,20000,20000,22000,22000,22010
inpek,20010,20000,22000,22000,21000,21000,20000,20020,20020,21220,20010,20000,20021,20020,22000,22020,22020,22010,22000,22002,22001,22000,22020,22020,22000,22200,22020,22000,22000,22000,22020,21020,21200,20000,20010,20000,22000,22000,22000
inpen,20010,20000,22000,22000,21000,20002,20000,20020,20020,20222,20010,20000,20020,20020,22000,22020,22022,22010,22000,22000,22000,22000,22020,22022,22001,22200,22022,22000,22000,22000,22020,21022,20202,20000,20010,20000,22000,22000,22000
inpik,20000,20010,22020,22020,21010,21000,20000,20000,20000,21200,20000,20000,20001,20000,22000,22000,22000,22000,22000,22002,22001,22000,22000,22000,22020,22200,22000,22020,22000,22000,22000,21000,21200,20000,20000,20000,22020,22000,22000
inr1d,20200,20000,22001,22000,21000,21000,20001,20000,20101,21000,20000,20000,20100,20100,22000,22001,22000,22100,22000,22020,22000,22000,22000,22000,22000,22000,22200,22200,22100,22000,22000,21000,21000,20000,20000,20100,22000,22001,22100
inr1g,20200,20000,22000,22000,21002,21000,20000,20000,20100,21000,20001,20001,20100,20100,22000,22000,22000,22100,22000,22020,22000,22000,22002,22000,22002,22000,22200,22200,22100,22000,22000,21000,21000,20000,20000,20100,22000,22000,22100
inrol,20200,20001,22000,22000,21000,21020,20022,20002,20100,21000,20000,20010,20100,20100,22020,22000,22000,22100,22000,22000,22020,22001,22001,22000,22000,22000,22200,22200,22110,22002,22000,21010,21020,20001,20000,20120,22000,22020,22100
inruk,20200,20000,22000,22010,21000,21000,20000,20000,20100,21000,20000,20000,20101,20100,22000,22000,22000,22100,22000,22002,22001,22000,22000,22000,22000,22020,22200,22200,22100,22000,22000,21000,21000,20000,20020,20100,22000,22000,22100
insla,20100,20111,22002,22000,21000,21000,20010,20010,20000,21000,20001,20001,20000,20000,22000,22000,22000,22000,22001,22000,22000,22111,22010,22000,22000,22000,22000,22000,22000,22011,22000,21000,21000,20111,20200,20000,22000,22000,22002
insop,20100,20100,22000,22000,21000,21020,20020,20000,20000,21001,20000,20010,20000,20000,22020,22000,22000,22000,22000,22000,22020,22100,22000,22000,22000,22001,22000,22000,22010,22000,22000,21010,21021,20100,20200,20020,22000,22020,22000
insta,20100,20101,22002,22010,21000,21000,20000,20000,20000,21000,20001,20001,20000,20000,22000,22000,22000,22010,22001,22000,22000,22101,22000,22000,22000,22010,22000,22010,22010,22001,22010,21000,21000,20101,20200,20000,22010,22000,22002
insuf,20100,20100,22000,22010,21000,21000,20000,20000,20000,21000,20000,20000,20000,20000,22000,22000,22000,22000,22000,22000,22000,22100,22000,22000,22000,22020,22000,22000,22000,22000,22000,21000,21000,20100,20220,20000,22000,22000,22001
intik,20000,20010,22020,22120,21010,21000,20000,20000,20000,21000,20000,20000,20001,20000,22000,22000,22000,22100,22000,22002,22001,22000,22000,22000,22020,22100,22000,22120,22200,22000,22100,21000,21000,20000,20000,20000,22120,22000,22000
intyp,20000,20000,22000,22100,21000,21000,20000,20000,20000,21001,20000,20000,20000,20000,22000,22000,22000,22100,22000,22000,22000,22000,22000,22000,22000,22101,22000,22100,22200,22000,22100,21000,21001,20000,20000,20000,22100,22000,22000
invet,20010,20000,22000,22002,21000,21000,20000,20020,20020,21020,20010,20000,20020,20020,22000,22020,22020,22012,22000,22000,22000,22000,22020,22020,22000,22002,22020,22002,22001,22200,22022,21020,21000,20000,20010,20100,22002,22000,22000
invul,20000,20001,22000,22010,21000,21000,20002,20002,20000,21000,20000,20000,20000,20000,22000,22000,22000,22000,22000,22000,22000,22001,22001,22000,22000,22020,22000,22000,22000,22202,22000,21000,21000,20001,20020,20100,22000,22000,22000
inw1d,20000,20000,22001,22000,21000,21000,20001,20000,20001,21000,20000,20000,20000,20000,22000,22001,22000,22000,22000,22020,22000,22000,22000,22000,22000,22000,22000,22000,22000,22000,22000,21000,21000,20000,20000,20000,22200,22001,22000
inw1k,20000,20000,22000,22000,21000,21000,20000,20000,20000,21000,20000,20000,20001,20000,22000,22000,22000,22000,22000,22022,22001,22000,22000,22000,22000,22000,22000,22000,22000,22000,22000,21000,21000,20000,20000,20000,22200,22000,22000
inwin,20000,20010,22020,22020,21010,20002,20000,20000,20000,20002,20000,20000,20000,20000,22000,22000,22002,22000,22000,22000,22000,22000,22000,22002,22021,22000,22002,22020,22000,22000,22000,21002,20002,20000,20000,20000,22220,22000,22000
inwon,20000,20000,22000,22000,21000,20022,20020,20000,20000,20002,20000,20010,20000,20000,22020,22000,22002,22000,22000,22000,22020,22000,22000,22002,22001,22000,22002,22000,22010,22000,22000,21012,20022,20000,20000,20020,22200,22020,22000
inzag,20000,20020,22010,22000,21002,21000,20000,20000,20000,21000,20011,20011,20000,20000,22000,22000,22000,22000,22020,22000,22000,22020,22002,22000,22002,22000,22000,22000,22000,22020,22200,21000,21000,20020,20000,20000,22000,22000,22010
inzak,20000,20020,22010,22000,21000,21000,20000,20000,20000,21000,20010,20010,20001,20000,22000,22000,22000,22000,22020,22002,22001,22020,22000,22000,22000,22000,22000,22000,22000,22020,22200,21000,21000,20020,20000,20000,22000,22000,22010
inzat,20000,20020,22010,22002,21000,21000,20000,20000,20000,21000,20010,20010,20000,20000,22000,22000,22000,22002,22020,22000,22000,22020,22000,22000,22000,22002,22000,22002,22001,22020,22202,21000,21000,20020,20000,20000,22002,22000,22010
inzie,20002,20010,22020,22020,21010,21000,20000,20001,20001,21001,20002,20000,20001,20001,22000,22001,22001,22001,22000,22000,22000,22000,22001,22001,22020,22000,22001,22020,22000,22000,22201,21001,21000,20000,20002,20000,22020,22000,22000
inzit,20000,20010,22020,22022,21010,21000,20000,20000,20000,21000,20000,20000,20000,20000,22000,22000,22000,22002,22000,22000,22000,22000,22000,22000,22020,22002,22000,22022,22001,22000,22202,21000,21000,20000,20000,20000,22022,22000,22000
ismen,21010,21000,20001,20001,20001,20002,20000,20020,20020,20022,20110,20100,20120,20220,20001,20021,20022,20011,20101,20001,20101,21001,20021,20022,20001,20001,20022,20001,20001,20001,20021,20022,20002,22100,22010,20000,20001,20101,20001
ismes,21010,20002,20000,20000,20000,20000,20000,20020,20020,20020,20110,20100,20120,20220,20000,20020,20020,20010,20100,20000,20100,20002,20020,20020,20000,20000,20020,20000,20000,20000,20020,20020,20000,22100,22011,20000,20000,20100,20000
items,20101,20002,20000,21000,20000,20000,20000,20100,20100,20100,20110,20010,20110,20110,20000,20100,20200,21200,20010,20000,20010,20002,20100,20100,20000,21000,20100,21000,21000,20000,21100,20100,20000,20011,20101,20000,21000,20010,20000
inbel,20010,20001,22000,22000,21000,21000,20002,20222,20020,21020,20010,20000,20020,20020,22200,22020,22020,22010,22000,22000,22000,22001,22021,22020,22000,22000,22020,22000,22000,22002,22020,21020,21000,20001,20010,20000,22000,22000,22000
inlog,20000,20100,22000,22000,21002,21020,20120,20100,20000,21000,20001,20011,20000,20000,22020,22000,22000,22000,22000,22000,22020,22200,22202,22000,22002,22000,22000,22000,22010,22100,22000,21010,21020,20200,20000,20020,22000,22020,22000
ipods,20001,20002,20010,20000,20000,20200,20210,20000,20010,21000,20000,20100,20000,20000,20100,20010,20000,20000,20000,20000,20100,20002,20000,20000,20000,21000,20000,20000,20100,20000,20000,20100,22100,20001,20001,20200,20000,20110,20000
iains,20001,21202,21110,20110,20220,20010,20000,20000,20000,20010,21000,21000,20000,20000,20010,20010,20010,20010,21010,20010,20010,21012,20010,20010,20110,20010,20010,20110,20010,21010,20010,20010,20010,21001,20001,20000,20110,20010,21010
ibans,20001,20102,20110,20010,20020,20010,20000,21000,20000,20010,20200,20200,20000,20000,21010,20010,20010,20010,20110,20010,20010,20112,20010,20010,20010,20010,20010,20010,20010,20110,20010,20010,20010,20101,20001,20000,20010,20010,20110
iekes,22011,20002,20000,20000,20000,20000,20000,22020,22020,22020,21000,20000,20220,20020,20000,20020,21020,21000,20000,20200,20200,20002,20020,20020,20000,20000,20020,20000,20000,20000,20020,20020,20000,20001,21001,20000,20000,20000,20000
igors,20011,20002,20000,20000,21000,20200,20200,20000,20010,20000,21000,21100,20010,20010,20100,20000,20000,20020,20000,20000,20100,20002,21000,20000,21000,20000,20010,20010,20120,20000,20000,20100,20100,20001,20001,20210,20000,20100,20020
ikers,20111,20002,20000,20000,20000,20000,20000,20100,20110,20100,20100,20000,21110,20110,20000,20100,20200,20220,20000,21000,21000,20002,20100,20100,20000,20000,20110,20010,20020,20000,20100,20100,20000,20001,20101,20010,20000,20000,20020
ilans,20001,22102,20110,20010,20020,20010,21000,21000,20000,20010,20200,20200,20000,20000,20010,20010,20010,20010,20110,20010,20010,21112,21010,20010,20010,20010,20010,20010,20010,21110,20010,20010,20010,21101,20001,20000,20010,20010,20110
ilses,20110,22002,20000,20000,20000,20000,21000,21020,20020,20020,20010,20000,20020,20020,20000,20020,20020,20010,20000,20000,20000,21002,21020,20020,20000,20000,20020,20000,20000,21000,20020,20020,20000,21100,20211,20000,20000,20000,20000
imads,20001,20102,20110,20000,20000,20000,20010,20000,20010,20000,22200,22200,22000,22000,20000,20010,20000,20000,21100,20000,21000,20102,20000,20000,20000,20000,20000,20000,20000,20100,20000,20000,20000,21101,20001,20000,20000,21010,20100
imans,20001,20102,20110,20010,20020,20010,20000,20000,20000,20010,22200,22200,22000,22000,20010,20010,20010,20010,21110,20010,21010,20112,20010,20010,20010,20010,20010,20010,20010,20110,20010,20010,20010,21101,20001,20000,20010,21010,20110
imkes,20011,20002,20000,20000,20000,20000,20000,20020,20020,20020,22010,22000,22220,22020,20000,20020,20020,20010,21000,20200,21200,20002,20020,20020,20000,20000,20020,20000,20000,20000,20020,20020,20000,21001,20011,20000,20000,21000,20000
immes,20011,20002,20000,20000,20000,20000,20000,20020,20020,20020,22010,22000,22020,22220,20000,20020,20020,20010,21000,20000,21000,20002,20020,20020,20000,20000,20020,20000,20000,20000,20020,20020,20000,21001,20011,20000,20000,21000,20000
imres,20211,20002,20000,20000,20000,20000,20000,20020,20120,20020,22010,22000,22120,22120,20000,20020,20020,20110,21000,20000,21000,20002,20020,20020,20000,20000,20220,20200,20100,20000,20020,20020,20000,21001,20011,20100,20000,21000,20100
inges,20011,20002,22000,22000,21100,21000,20000,20020,20020,21020,20110,20100,20020,20020,22000,22020,22020,22010,22000,22000,22000,22002,22120,22020,22100,22000,22020,22000,22000,22000,22020,21020,21000,20001,20011,20000,22000,22000,22000
isaks,21000,20102,20100,20000,20000,20000,20000,20000,20000,20000,20200,20200,20010,20000,20000,20000,20000,20000,20100,20010,20010,20102,20000,20000,20000,20000,20000,20000,20000,20100,20000,20000,20000,22100,22001,20000,20000,20000,20100
ivans,20001,20102,20110,20010,20020,20010,20000,20000,20000,20010,20200,20200,20000,20000,20010,20010,20010,20010,20110,20010,20010,20112,20010,20010,20010,20010,20010,20010,20010,21110,20010,20010,20010,20101,20001,22000,20010,20010,20110
ivars,20011,20102,20100,20000,20000,20000,20000,20000,20010,20000,20200,20200,20010,20010,20000,20000,20000,20020,20100,20000,20000,20102,20000,20000,20000,20000,20010,20010,20020,21100,20000,20000,20000,20101,20001,22010,20000,20000,20120
ivors,20011,20002,20000,20000,20000,20200,20200,20000,20010,20000,20000,20100,20010,20010,20100,20000,20000,20020,20000,20000,20100,20002,20000,20000,20000,20000,20010,20010,20120,21000,20000,20100,20100,20001,20001,22210,20000,20100,20020
iwans,20001,20102,20110,20010,20020,20010,20000,20000,20000,20010,20200,20200,20000,20000,20010,20010,20010,20010,20110,20010,20010,20112,20010,20010,20010,20010,20010,20010,20010,20110,20010,20010,20010,20101,20001,20000,21010,20010,20110
izaks,20001,20102,20100,20000,20000,20000,20000,20000,20000,20000,20200,20200,20010,20000,20000,20000,20000,20000,20100,20010,20010,20102,20000,20000,20000,20000,20000,20000,20000,20100,21000,20000,20000,20101,20001,20000,20000,20000,20100
ierse,22222,20010,20000,20000,20000,20000,20000,22001,22101,22001,20002,20000,21100,21100,20000,21000,21001,21100,20000,20000,20000,20010,21000,21000,20000,20000,21200,20200,20100,20000,21000,21000,20000,20010,20012,20100,20000,20000,20100
ilias,20001,22222,20110,20100,20200,20000,21000,21000,20000,20000,20010,20010,20000,20000,20000,20000,20000,20000,20020,20000,20000,21022,21000,20000,20100,20000,20000,20100,20000,21020,20000,20000,20000,21021,20001,20000,20100,20000,20010
india,20000,20011,22222,22020,21010,21000,20100,20000,20200,21000,20001,20001,20000,20000,22000,22200,22000,22000,22001,22000,22000,22001,22000,22000,22020,22000,22000,22020,22000,22001,22000,21000,21000,20001,20000,20000,22020,22200,22002
inuit,20000,20010,22020,22222,21010,21000,20000,20000,20000,21000,20000,20000,20000,20000,22000,22000,22000,22002,22000,22000,22000,22000,22000,22000,22020,22102,22000,22022,22001,22000,22002,21000,21000,20000,20100,20000,22022,22000,22000
icing,20000,20200,20110,20110,22222,22010,20000,20000,20000,20010,20001,20001,20000,20000,20010,20010,20010,20010,20010,20010,20010,20010,20012,20010,20112,20010,20010,20110,20010,20010,20010,20010,20010,20000,20000,20000,20110,20010,20010
icoon,20000,20000,20001,20001,22001,22222,20220,20000,20000,20002,20000,20100,20000,20000,20021,20001,20002,20001,20001,20001,20021,20001,20001,20002,20001,20001,20002,20001,20101,20001,20001,20102,20022,20000,20000,20220,20001,20021,20001
idool,20000,20001,21000,20000,20000,20220,22222,20002,21000,20000,20000,20100,20000,20000,20020,21000,20000,20000,20000,20000,20020,20001,20001,20000,20000,20000,20000,20000,20100,20002,20000,20100,20020,20001,20000,20220,20000,21020,20000
iebel,22010,20001,20000,20000,20000,20000,20002,22222,22020,22020,21000,20000,20020,20020,20200,20020,21020,21000,20000,20000,20000,20001,20021,20020,20000,20000,20020,20000,20000,20002,20020,20020,20000,20001,21000,20000,20000,20000,20000
ieder,22011,20000,20200,20000,20000,20000,20100,22020,22222,22020,21000,20000,20022,20022,20000,20220,21020,21001,20000,20000,20000,20000,20020,20020,20000,20000,20021,20001,20001,20000,20020,20020,20000,20000,21000,20002,20000,20200,20001
iepen,22010,20000,20001,20001,20001,20002,20000,22020,22020,22222,21000,20000,20020,20020,20001,20021,21022,21001,20001,20001,20001,20001,20021,20022,20001,20201,20022,20001,20001,20001,20021,20022,20202,20000,21000,20000,20001,20001,20001
image,20002,20100,20100,20000,20010,20000,20000,20001,20001,20001,22222,22220,22001,22001,20000,20001,20001,20001,21100,20000,21000,20100,20011,20001,20010,20000,20001,20000,20000,20100,20001,20001,20000,21100,20002,20000,20000,21000,20100
imago,20000,20100,20100,20000,20010,20001,20001,20000,20000,20000,22220,22222,22000,22000,20001,20000,20000,20000,21100,20000,21001,20100,20010,20000,20010,20000,20000,20000,20002,20100,20000,20001,20001,21100,20000,20001,20000,21001,20100
imker,20011,20000,20000,20000,20000,20000,20000,20020,20022,20020,22010,22000,22222,22022,20000,20020,20020,20011,21000,20200,21200,20000,20020,20020,20000,20000,20021,20001,20001,20000,20020,20020,20000,21000,20010,20002,20000,21000,20001
immer,20011,20000,20000,20000,20000,20000,20000,20020,20022,20020,22010,22000,22022,22222,20000,20020,20020,20011,21000,20000,21000,20000,20020,20020,20000,20000,20021,20001,20001,20000,20020,20020,20000,21000,20010,20002,20000,21000,20001
inbox,20000,20000,22000,22000,21000,21020,20020,20200,20000,21000,20000,20010,20000,20000,22222,22002,22000,22000,22000,22000,22020,22000,22000,22000,22000,22000,22000,22000,22010,22000,22000,21010,21020,20000,20000,20020,22000,22020,22000
index,20010,20000,22200,22000,21000,21000,20100,20020,20220,21020,20010,20000,20020,20020,22002,22222,22020,22010,22000,22000,22000,22000,22020,22020,22000,22000,22020,22000,22000,22000,22020,21020,21000,20000,20010,20000,22000,22200,22000
ineen,20110,20000,22000,22000,21000,20002,20000,20120,20120,20122,20100,20000,20020,20020,22000,22020,22222,22200,22000,22000,22000,22000,22020,22022,22001,22000,22022,22000,22000,22000,22020,21022,20002,20000,20100,20000,22000,22000,22000
inert,20110,20000,22000,22002,21000,21000,20000,20100,20110,21100,20100,20000,20110,20110,22000,22100,22200,22222,22000,22000,22000,22000,22100,22100,22000,22002,22110,22012,22021,22000,22102,21100,21000,20000,20100,20010,22002,22000,22020
inham,20000,20020,22010,22000,21000,21000,20000,20000,20000,21000,20011,20011,20001,20001,22000,22000,22000,22000,22222,22000,22002,22020,22000,22000,22000,22000,22000,22000,22000,22020,22000,21000,21000,20022,20000,20000,22000,22002,22010
ink1k,20000,20000,22000,22000,21000,21000,20000,20000,20000,21000,20000,20000,20200,20000,22000,22000,22000,22000,22000,22222,22200,22000,22000,22000,22000,22000,22000,22000,22000,22000,22000,21000,21000,20000,20000,20000,22000,22000,22000
inkom,20000,20000,22000,22000,21000,21020,20020,20000,20000,21000,20001,20011,20201,20001,22020,22000,22000,22000,22002,22200,22222,22000,22000,22000,22000,22000,22000,22000,22010,22000,22000,21010,21020,20002,20000,20020,22000,22022,22000
inlas,20001,20122,22010,22000,21000,21000,20100,20100,20000,21000,20010,20010,20000,20000,22000,22000,22000,22000,22020,22000,22000,22222,22200,22000,22000,22000,22000,22000,22000,22120,22000,21000,21000,20221,20001,20000,22000,22000,22010
inleg,20010,20100,22000,22000,21002,21000,20100,20120,20020,21020,20011,20001,20020,20020,22000,22020,22020,22010,22000,22000,22000,22200,22222,22020,22002,22000,22020,22000,22000,22100,22020,21020,21000,20200,20010,20000,22000,22000,22000
innen,20010,20000,22000,22000,21000,20002,20000,20020,20020,20022,20010,20000,20020,20020,22000,22020,22022,22010,22000,22000,22000,22000,22020,22222,22200,22000,22022,22000,22000,22000,22020,20222,20002,20000,20010,20000,22000,22000,22000
innig,20000,20010,22020,22020,21012,21000,20000,20000,20000,21000,20001,20001,20000,20000,22000,22000,22100,22000,22000,22000,22000,22000,22002,22200,22222,22000,22100,22020,22000,22000,22000,21200,21000,20000,20000,20000,22020,22000,22000
input,20000,20000,22000,22012,21000,21000,20000,20000,20000,21200,20000,20000,20000,20000,22000,22000,22000,22002,22000,22000,22000,22000,22000,22000,22000,22222,22000,22002,22001,22000,22002,21000,21200,20000,20020,20000,22002,22000,22000
inren,20210,20000,22000,22000,21000,20002,20000,20020,20120,20022,20010,20000,20120,20120,22000,22020,22022,22110,22000,22000,22000,22000,22020,22022,22001,22000,22222,22200,22100,22000,22020,21022,20002,20000,20010,20100,22000,22000,22100
inrit,20200,20010,22020,22022,21010,21000,20000,20000,20100,21000,20000,20000,20100,20100,22000,22000,22000,22102,22000,22000,22000,22000,22000,22000,22020,22002,22200,22222,22101,22000,22002,21000,21000,20000,20000,20100,22022,22000,22100
intro,20010,20000,22000,22100,21000,21001,20001,20000,20010,21000,20000,20002,20010,20010,22001,22000,22000,22120,22000,22000,22001,22000,22000,22000,22000,22100,22010,22110,22222,22000,22100,21001,21001,20000,20000,20011,22100,22001,22020
inval,20000,20021,22010,22000,21000,21000,20002,20002,20000,21000,20010,20010,20000,20000,22000,22000,22000,22000,22020,22000,22000,22021,22001,22000,22000,22000,22000,22000,22000,22222,22000,21000,21000,20021,20000,20100,22000,22000,22010
inzet,20010,20000,22000,22002,21000,21000,20000,20020,20020,21020,20010,20000,20020,20020,22000,22020,22020,22012,22000,22000,22000,22000,22020,22020,22000,22002,22020,22002,22001,22000,22222,21020,21000,20000,20010,20000,22002,22000,22000
ionen,20010,20000,20100,20100,20100,21002,21000,20020,20020,20022,20010,21000,20020,20020,21100,20120,20122,20110,20100,20100,21100,20100,20120,20222,20201,20100,20122,20100,21100,20100,20120,22222,21002,20000,20010,21000,20100,21100,20100
ippon,20000,20000,20001,20001,20001,20022,20020,20000,20000,20202,20000,20010,20000,20000,20021,20001,20002,20001,20001,20001,20021,20001,20001,20002,20001,20201,20002,20001,20011,20001,20001,20012,22222,20000,20000,20020,20001,20021,20001
islam,21000,21120,20010,20000,20000,20000,20100,20100,20000,20000,20011,20011,20001,20001,20000,20000,20000,20000,20022,20000,20002,21220,20200,20000,20000,20000,20000,20000,20000,20120,20000,20000,20000,22222,22000,20000,20000,20002,20010
issue,21002,21000,20000,20010,20000,20000,20000,20001,20001,20001,20002,20000,20001,20001,20000,20001,20001,20001,20000,20000,20000,21000,20001,20001,20000,20020,20001,20000,20000,20000,20001,20001,20000,22000,22222,20000,20000,20000,20000
ivoor,20001,20000,20000,20000,20000,20220,20220,20000,20002,20000,20000,20100,20002,20002,20020,20000,20000,20001,20000,20000,20020,20000,20000,20000,20000,20000,20001,20001,20101,21000,20000,20100,20020,20000,20000,22222,20000,20020,20001
inwit,20000,20010,22020,22022,21010,21000,20000,20000,20000,21000,20000,20000,20000,20000,22000,22000,22000,22002,22000,22000,22000,22000,22000,22000,22020,22002,22000,22022,22001,22000,22002,21000,21000,20000,20000,20000,22222,22000,22000
indom,20000,20000,22200,22000,21000,21020,20120,20000,20200,21000,20001,20011,20001,20001,22020,22200,22000,22000,22002,22000,22022,22000,22000,22000,22000,22000,22000,22000,22010,22000,22000,21010,21020,20002,20000,20020,22000,22222,22000
infra,20010,20001,22002,22000,21000,21000,20000,20000,20010,21000,20001,20001,20010,20010,22000,22000,22000,22020,22001,22000,22000,22001,22000,22000,22000,22000,22010,22010,22020,22001,22000,21000,21000,20001,20000,20010,22000,22000,22222
