Guess,uilen,uilig,uiten,uitje,uiver,ulaan,ultra,unief,uniek,upper,uraan,ureum,urine,urmen,uzelf
uiers,22100,22000,22100,22100,22110,20000,20020,21100,21100,20110,20010,20210,21110,20110,20200
uiige,22001,22110,22001,22002,22001,20000,20000,20201,20201,20001,20000,20001,20202,20001,20001
uitat,22000,22000,22200,22200,22000,20020,20210,21000,21000,20000,20020,20000,21000,20000,20000
uitd1,22000,22000,22200,22200,22000,20000,20200,21000,21000,20000,20000,20000,21000,20000,20000
uitga,22000,22010,22200,22200,22000,20001,20202,21000,21000,20000,20001,20000,21000,20000,20000
uitr1,22000,22000,22200,22200,22010,20000,20220,21000,21000,20010,20010,20010,21010,20010,20000
uitte,22001,22000,22201,22202,22001,20000,20200,21001,21001,20001,20000,20001,21002,20001,20001
ukken,20022,20000,20022,20010,20020,20002,20000,20021,21021,20020,20002,20010,20011,20022,20010
unica,21100,20100,21100,20100,20100,21001,20002,22200,22200,20000,21001,20000,21200,21000,20000
unies,21120,20100,21120,20110,20120,21000,20000,22220,22220,20020,21000,20010,21210,21020,20010
units,21100,20100,21110,20110,20100,21000,20010,22200,22200,20000,21000,20000,21200,21000,20000
urnen,20022,20000,20022,20010,21020,20002,21000,20120,20120,21020,22002,22010,22110,22022,20010
urmde,20001,20000,20001,20002,21001,20000,21000,20001,20001,21001,22000,22101,22002,22201,20001
unzip,21010,20020,21010,20010,20010,21000,20000,22010,22010,20001,21000,20000,21010,21000,20100
ugurs,20000,21000,20000,20000,20010,20000,20020,20000,20000,20010,20010,20110,20010,20010,20000
ulbes,21020,21000,20020,20010,20020,22000,22000,20020,20020,20020,20000,20010,20010,20020,21010
umars,20000,20000,20000,20000,20010,20200,20120,20000,20000,20010,20210,21010,20010,21010,20000
urkse,20001,20000,20001,20002,21001,20000,21000,20001,20101,21001,22000,22001,22002,22001,20001
uilen,22222,22200,22022,22010,22020,20102,20100,21021,21021,20020,20002,20010,21011,20022,20110
uilig,22200,22222,22000,22000,22000,20100,20100,21000,21000,20000,20000,20000,21000,20000,20100
uiten,22022,22000,22222,22210,22020,20002,20200,21021,21021,20020,20002,20010,21011,20022,20010
uitje,22001,22000,22201,22222,22001,20000,20200,21001,21001,20001,20000,20001,21002,20001,20001
uiver,22020,22000,22020,22010,22222,20000,20001,21020,21020,20022,20001,20011,21011,20021,20010
ulaan,21002,21000,20002,20000,20000,22222,22100,20001,20001,20000,20222,20000,20001,20002,21000
ultra,21000,21000,20200,20200,20010,22001,22222,20000,20000,20010,20011,20010,20010,20010,21000
unief,21120,20100,21120,20110,20120,21000,20000,22222,22220,20020,21000,20010,21210,21020,20012
uniek,21120,20100,21120,20110,20120,21000,20000,22220,22222,20020,21000,20010,21210,21020,20010
upper,20020,20000,20020,20010,20022,20000,20001,20020,20020,22222,20001,20011,20011,20021,20010
uraan,20002,20000,20002,20000,21000,20222,21100,20001,20001,21000,22222,22000,22001,22002,20000
ureum,20100,20000,20100,20100,21100,20000,21000,20100,20100,21100,22000,22222,22100,22101,20200
urine,20111,20100,20111,20102,21101,20010,21000,20211,20211,21001,22010,22001,22222,22011,20001
urmen,20022,20000,20022,20010,21020,20002,21000,20021,20021,21020,22002,22110,22011,22222,20010
uzelf,20110,20010,20100,20100,20100,20010,20010,20102,20100,20100,20000,20200,20100,20100,22222
