Guess,ebben,ebola,echec,echel,edele,edict,edoch,educt,eerst,effen,egaal,egard,eggen,eggig,eiber,eicel,eider,eigen,eikel,eiken,eiker,einde,einze,eisen,eiser,eitje,eivol,eiwit,eland,elfde,elite,ellen,elpee,elpen,elzen,email,emelt,emmer,emmes,enfin,engel,engte,enige,enkel,enorm,enten,enter,enzym,epiek,eraan,erger,ergon,ergst,erica,erker,ermee,ernst,ertoe,eruit,ervan,erven,espen,essay,essen,ester,etage,eter1,ether,ethos,ethyl,etsen,etser,etter,etude,etuis,euvel,euzie,evers,exact,exces,exoot,expat,extra
estse,20001,20000,20001,20001,20002,20100,20000,20100,20121,20001,20000,20000,20001,20000,20001,20001,20001,20001,20001,20001,20001,20002,20002,21001,21001,20202,20000,20100,20000,20002,20102,20001,20002,20001,20001,20000,20101,20001,21001,20000,20001,20102,20002,20001,20000,20201,20201,20000,20001,20000,20001,20000,20120,20000,20001,20002,20120,20202,20100,20000,20001,22001,22010,22011,22201,20102,20101,20101,21100,20100,21101,21101,20201,20102,21100,20001,20002,21001,20100,21001,20100,20100,20200
ebden,22022,22000,20020,20020,20110,20100,20100,20100,20010,20022,20000,20100,20022,20000,21020,20020,20220,20022,20020,20022,20020,20111,20011,20022,20020,20010,20000,20000,20101,20110,20010,20022,20020,20022,20022,20000,20010,20020,20020,20002,20021,20011,20011,20021,20001,20022,20021,20001,20020,20002,20020,20002,20000,20000,20020,20020,20001,20010,20000,20002,20022,20022,20000,20022,20020,20010,20010,20020,20000,20000,20022,20020,20020,20110,20000,20020,20010,20010,20000,20020,20000,20000,20000
echte,20001,20000,22201,22201,20002,21010,21100,21010,20011,20001,20000,20000,20001,20000,20001,21001,20001,20001,20001,20001,20001,20002,20002,20001,20001,20012,20000,20010,20000,20002,20022,20001,20002,20001,20001,20000,20011,20001,20001,20000,20001,20022,20002,20001,20000,20011,20011,20000,20001,20000,20001,20000,20010,21000,20001,20002,20010,20012,20010,20000,20001,20001,20000,20001,20011,20012,20011,20211,20210,20210,20011,20011,20011,20012,20010,20001,20002,20001,21010,21001,20010,20010,20010
eerde,21000,20000,21000,21000,21012,20010,20010,20010,22200,21000,20000,20110,21000,20000,21100,21000,21110,21000,21000,21000,21100,20022,20002,21000,21100,20002,20000,20000,20010,20022,20002,21000,21002,21000,21000,20000,21000,21100,21000,20000,21000,20002,20002,21000,20100,21000,21100,20000,21000,20100,21100,20100,20100,20100,21100,21102,20100,20102,20100,20100,21100,21000,20000,21000,21100,20002,21100,21100,20000,20000,21000,21100,21100,20022,20000,21000,20002,21100,20000,21000,20000,20000,20100
egale,20001,20120,20001,20011,20022,20000,20000,20000,20001,20001,22210,22200,22001,22000,20001,20011,20001,21001,20011,20001,20001,20002,20002,20001,20001,20002,20010,20000,20210,20012,20012,20011,20012,20011,20011,20210,20021,20001,20001,20000,21011,21002,21002,20011,20000,20001,20001,20000,20001,20200,21001,21000,21000,20100,20001,20002,20000,20002,20000,20100,20001,20001,20100,20001,20001,21202,20001,20001,20000,20010,20001,20001,20001,20002,20000,20011,20002,20001,20200,20001,20000,20100,20100
egden,20022,20000,20020,20020,20110,20100,20100,20100,20010,20022,22000,22100,22022,22000,20020,20020,20220,21022,20020,20022,20020,20111,20011,20022,20020,20010,20000,20000,20101,20110,20010,20022,20020,20022,20022,20000,20010,20020,20020,20002,21021,21011,21011,20021,20001,20022,20021,20001,20020,20002,21020,21002,21000,20000,20020,20020,20001,20010,20000,20002,20022,20022,20000,20022,20020,21010,20010,20020,20000,20000,20022,20020,20020,20110,20000,20020,20010,20010,20000,20020,20000,20000,20000
egels,20100,20020,20100,20110,20220,20000,20000,20000,20101,20100,22010,22000,22100,22000,20100,20110,20100,21100,20110,20100,20100,20100,20100,20101,20101,20100,20010,20000,20010,20110,20110,20110,20110,20110,20110,20010,20220,20100,20102,20000,21110,21100,21100,20110,20000,20100,20100,20000,20100,20000,21100,21000,21001,20000,20100,20100,20001,20100,20000,20000,20100,20101,20001,20101,20101,21100,20200,20100,20002,20010,20101,20101,20100,20100,20002,20110,20100,20202,20000,20102,20000,20000,20000
eindt,20100,20000,20000,20000,20010,21012,20010,20012,20002,20100,20000,20010,20100,21000,22000,22000,22010,22100,22000,22100,22000,22220,22200,22100,22000,22001,22000,22002,20110,20020,21001,20100,20000,20100,20100,21000,20002,20000,20000,21100,20100,20101,21100,20100,20100,20101,20101,20100,21000,20100,20000,20100,20002,21000,20000,20000,20202,20001,21002,20100,20100,20100,20000,20100,20001,20001,20001,20001,20001,20001,20101,20001,20001,20021,21001,20000,21000,20000,20002,20000,20002,20002,20001
eiste,20001,20000,20001,20001,20002,21010,20000,20010,20111,20001,20000,20000,20001,21000,22001,22001,22001,22001,22001,22001,22001,22002,22002,22201,22201,22012,22000,22010,20000,20002,21022,20001,20002,20001,20001,21000,20011,20001,20101,21000,20001,20022,21002,20001,20000,20011,20011,20000,21001,20000,20001,20000,20110,21000,20001,20002,20110,20012,21010,20000,20001,20101,20200,20201,20111,20012,20011,20011,20110,20010,20211,20211,20011,20012,21110,20001,21002,20101,20010,20101,20010,20010,20010
elfen,20022,21000,20020,21020,21010,20000,20000,20000,20010,20222,21000,20000,20022,20000,20020,21020,20020,20022,21020,20022,20020,20011,20011,20022,20020,20010,21000,20000,22001,22210,22010,22022,22020,22022,22022,21000,21010,20020,20020,20202,21021,20011,20011,21021,20001,20022,20021,20001,20020,20002,20020,20002,20000,20000,20020,20020,20001,20010,20000,20002,20022,20022,20000,20022,20020,20010,20010,20020,20000,21000,20022,20020,20020,20010,20000,21020,20010,20010,20000,20020,20000,20000,20000
elfje,20001,21000,20001,21001,21002,20000,20000,20000,20001,20201,21000,20000,20001,20000,20001,21001,20001,20001,21001,20001,20001,20002,20002,20001,20001,20022,21000,20000,22000,22202,22002,22001,22002,22001,22001,21000,21001,20001,20001,20200,21001,20002,20002,21001,20000,20001,20001,20000,20001,20000,20001,20000,20000,20000,20001,20002,20000,20002,20000,20000,20001,20001,20000,20001,20001,20002,20001,20001,20000,21000,20001,20001,20001,20002,20000,21001,20002,20001,20000,20001,20000,20000,20000
elven,20022,21000,20020,21020,21010,20000,20000,20000,20010,20022,21000,20000,20022,20000,20020,21020,20020,20022,21020,20022,20020,20011,20011,20022,20020,20010,21200,20000,22001,22010,22010,22022,22020,22022,22022,21000,21010,20020,20020,20002,21021,20011,20011,21021,20001,20022,20021,20001,20020,20002,20020,20002,20000,20000,20020,20020,20001,20010,20000,20202,20222,20022,20000,20022,20020,20010,20010,20020,20000,21000,20022,20020,20020,20010,20000,21220,20010,20110,20000,20020,20000,20000,20000
emirs,20000,20000,20000,20000,20000,20200,20000,20000,20011,20000,20000,20020,20000,20100,20110,20100,20110,20100,20100,20100,20110,20100,20100,20101,20111,20100,20100,20100,20000,20000,20200,20000,20000,20000,20000,22100,22000,22010,22002,20100,20000,20000,20200,20000,21020,20000,20010,21000,20200,20010,20010,20010,20011,20210,20010,21010,20011,20010,20110,20010,20010,20001,20001,20001,20011,20000,20020,20010,20002,20000,20001,20011,20010,20000,20102,20000,20100,20022,20000,20002,20000,20000,20020
emoes,20020,20200,20020,20020,20010,20000,20200,20000,20011,20020,20000,20000,20020,20000,20020,20020,20020,20020,20020,20020,20020,20010,20010,20021,20021,20010,20100,20000,20000,20010,20010,20020,20020,20020,20020,22000,22010,22020,22022,20000,20020,20010,20010,20020,21200,20020,20020,21000,20020,20000,20020,20100,20001,20000,20020,21020,20001,20110,20000,20000,20020,20021,20001,20021,20021,20010,20010,20020,20102,20000,20021,20021,20020,20010,20002,20020,20010,20012,20000,20022,20200,20000,20000
enden,20022,20000,20020,20020,20110,20100,20100,20100,20010,20022,20000,20100,20022,20000,20020,20020,20220,20022,20020,20022,20020,21110,21010,20022,20020,20010,20000,20000,21100,20110,20010,20022,20020,20022,20022,20000,20010,20020,20020,22002,22020,22010,22010,22020,22000,22022,22020,22000,20020,20002,20020,20002,20000,20000,20020,20020,21000,20010,20000,20002,20022,20022,20000,20022,20020,20010,20010,20020,20000,20000,20022,20020,20020,20110,20000,20020,20010,20010,20000,20020,20000,20000,20000
enger,21020,20000,20020,20020,20010,20000,20000,20000,20011,21020,20100,20101,21220,20200,20022,20020,20022,21220,20020,21020,20022,21010,21010,21020,20022,20010,20000,20000,21000,20010,20010,21020,20020,21020,21020,20000,20010,20022,20020,22000,22220,22210,22110,22020,22001,22020,22022,22000,20020,21001,20222,21201,20201,20001,20022,20021,21001,20011,20001,21001,21021,21020,20000,21020,20022,20110,20011,20022,20000,20000,21020,20022,20022,20010,20000,20020,20010,20011,20000,20020,20000,20000,20001
engst,21000,20000,20000,20000,20000,20002,20000,20002,20022,21000,20100,20100,21200,20200,20000,20000,20000,21200,20000,21000,20000,21000,21000,21010,20010,20001,20000,20002,21000,20000,20001,21000,20000,21000,21000,20000,20002,20000,20010,22000,22200,22201,22100,22000,22000,22001,22001,22000,20000,21000,20200,21200,20222,20000,20000,20000,21022,20001,20002,21000,21000,21010,20010,21010,20011,20101,20001,20001,20011,20001,21011,20011,20001,20001,20011,20000,20000,20010,20002,20010,20002,20002,20001
enken,20022,20000,20020,20020,20010,20000,20000,20000,20010,20022,20000,20000,20022,20000,20020,20020,20020,20022,20220,20222,20220,21010,21010,20022,20020,20010,20000,20000,21000,20010,20010,20022,20020,20022,20022,20000,20010,20020,20020,22002,22020,22010,22010,22220,22000,22022,22020,22000,20120,20002,20020,20002,20000,20000,20220,20020,21000,20010,20000,20002,20022,20022,20000,20022,20020,20010,20010,20020,20000,20000,20022,20020,20020,20010,20000,20020,20010,20010,20000,20020,20000,20000,20000
entte,21001,20000,20001,20001,20002,20100,20000,20100,20101,21001,20000,20000,21001,20000,20001,20001,20001,21001,20001,21001,20001,21002,21002,21001,20001,20202,20000,20100,21000,20002,20022,21001,20002,21001,21001,20000,20101,20001,20001,22000,22001,22022,22002,22001,22000,22201,22201,22000,20001,21000,20001,21000,20100,20000,20001,20002,21100,20202,20100,21000,21001,21001,20000,21001,20201,20102,20101,20101,20100,20100,21101,20101,20211,20102,20100,20001,20002,20001,20100,20001,20100,20100,20200
erfde,20001,20000,20001,20001,20012,20010,20010,20010,21001,20201,20000,21010,20001,20000,21001,20001,21011,20001,20001,20001,21001,20022,20002,20001,21001,20002,20000,20000,20010,20222,20002,20001,20002,20001,20001,20000,20001,21001,20001,20200,20001,20002,20002,20001,21000,20001,21001,20000,20001,22000,22001,22000,22000,22000,22001,22002,22000,22002,22000,22000,22001,20001,20000,20001,21001,20002,21001,21001,20000,20000,20001,21001,21001,20022,20000,20001,20002,21001,20000,20001,20000,20000,21000
erken,20022,20000,20020,20020,20010,20000,20000,20000,21010,20022,20000,21000,20022,20000,21020,20020,21020,20022,20220,20222,21220,20011,20011,20022,21020,20010,20000,20000,20001,20010,20010,20022,20020,20022,20022,20000,20010,21020,20020,20002,20021,20011,20011,20221,21001,20022,21021,20001,20120,22002,22020,22002,22000,22000,22220,22020,22001,22010,22000,22002,22022,20022,20000,20022,21020,20010,21010,21020,20000,20000,20022,21020,21020,20010,20000,20020,20010,21010,20000,20020,20000,20000,21000
etend,20110,20000,20100,20100,20201,21001,20001,21001,21100,20110,20000,20002,20110,20000,20100,20100,20101,20110,20100,20110,20100,20111,20110,20110,20100,21100,20000,21000,20022,20101,21100,20110,20100,20110,20110,20000,21200,20100,20100,20010,20110,21110,20110,20110,20010,21110,21110,20010,20100,20010,20100,20010,21000,20000,20100,20100,21010,21100,21000,20010,20110,20110,20000,20110,21100,22100,22200,22100,22000,22000,22110,22100,22100,22101,22000,20100,20100,20200,21000,20100,21000,21000,21000
eters,20100,20000,20100,20100,20200,21000,20000,21000,21111,20100,20000,20020,20100,20000,20110,20100,20110,20100,20100,20100,20110,20100,20100,20101,20111,21100,20000,21000,20000,20100,21100,20100,20100,20100,20100,20000,21200,20110,20102,20000,20100,21100,20100,20100,20020,21100,21110,20000,20100,20010,20110,20010,21011,20010,20110,20110,21011,21110,21010,20010,20110,20101,20001,20101,21111,22100,22220,22110,22002,22000,22101,22111,22110,22100,22002,20100,20100,20222,21000,20102,21000,21000,21020
etste,20001,20000,20001,20001,20002,21000,20000,21000,21101,20001,20000,20000,20001,20000,20001,20001,20001,20001,20001,20001,20001,20002,20002,20201,20201,21002,20000,21000,20000,20002,20022,20001,20002,20001,20001,20000,21001,20001,20101,20000,20001,20022,20002,20001,20000,21001,21001,20000,20001,20000,20001,20000,21100,20000,20001,20002,21100,21002,21000,20000,20001,20101,20200,20201,21101,22002,22001,22001,22100,22000,22201,22201,22011,22002,22100,20001,20002,20101,21000,20101,21000,21000,21000
ezels,20100,20020,20100,20110,20220,20000,20000,20000,20101,20100,20010,20000,20100,20000,20100,20110,20100,20100,20110,20100,20100,20100,21100,20101,20101,20100,20010,20000,20010,20110,20110,20110,20110,20110,21110,20010,20220,20100,20102,20000,20110,20100,20100,20110,20000,20100,20100,21000,20100,20000,20100,20000,20001,20000,20100,20100,20001,20100,20000,20000,20100,20101,20001,20101,20101,20100,20200,20100,20002,20010,20101,20101,20100,20100,20002,20110,21100,20202,20000,20102,20000,20000,20000
ezelt,20100,20020,20100,20110,20220,20002,20000,20002,20102,20100,20010,20000,20100,20000,20100,20110,20100,20100,20110,20100,20100,20100,21100,20100,20100,20101,20010,20002,20010,20110,20111,20110,20110,20110,21110,20010,20222,20100,20100,20000,20110,20101,20100,20110,20000,20101,20101,21000,20100,20000,20100,20000,20002,20000,20100,20100,20002,20101,20002,20000,20100,20100,20000,20100,20101,20101,20201,20101,20001,20011,20101,20101,20101,20101,20001,20110,21100,20200,20002,20100,20002,20002,20001
eriks,20000,20000,20000,20000,20000,20200,20000,20000,21001,20000,20000,21000,20000,20100,21100,20100,21100,20100,20110,20110,21110,20100,20100,20101,21101,20100,20100,20100,20000,20000,20200,20000,20000,20000,20000,20100,20000,21000,20002,20100,20000,20000,20200,20010,21000,20000,21000,20000,20210,22000,22000,22000,22001,22200,22010,22000,22001,22000,22100,22000,22000,20001,20001,20001,21001,20000,21000,21000,20002,20000,20001,21001,21000,20000,20102,20000,20100,21002,20000,20002,20000,20000,21000
edels,20100,20020,20100,20110,22220,22000,22000,22000,20101,20100,20010,21000,20100,20000,20100,20110,21100,20100,20110,20100,20100,21100,20100,20101,20101,20100,20010,20000,21010,21110,20110,20110,20110,20110,20110,20010,20220,20100,20102,20000,20110,20100,20100,20110,20000,20100,20100,20000,20100,20000,20100,20000,20001,20000,20100,20100,20001,20100,20000,20000,20100,20101,20001,20101,20101,20100,20200,20100,20002,20010,20101,20101,20100,21100,20002,20110,20100,20202,20000,20102,20000,20000,20000
esten,20022,20000,20020,20020,20010,20100,20000,20100,21110,20022,20000,20000,20022,20000,20020,20020,20020,20022,20020,20022,20020,20011,20011,21022,21020,20210,20000,20100,20001,20010,20110,20022,20020,20022,20022,20000,20110,20020,21020,20002,20021,20111,20011,20021,20001,20222,20221,20001,20020,20002,20020,20002,21100,20000,20020,20020,21101,20210,20100,20002,20022,22022,22000,22022,22220,20110,20110,20120,21100,20100,21122,21120,20220,20110,21100,20020,20010,21010,20100,21020,20100,20100,20200
ecrue,20001,20000,22001,22001,20002,21000,21000,21010,20201,20001,20000,20100,20001,20000,20101,21001,20101,20001,20001,20001,20101,20002,20002,20001,20101,20002,20000,20000,20000,20002,20002,20001,20002,20001,20001,20000,20001,20101,20001,20000,20001,20002,20002,20001,20100,20001,20101,20000,20001,20100,20101,20100,20100,21100,20101,20102,20100,20102,20110,20100,20101,20001,20000,20001,20101,20002,20101,20101,20000,20000,20001,20101,20101,20012,20010,20011,20012,20101,21000,21001,20000,20000,20100
edese,20100,20000,20100,20100,22202,22000,22000,22000,20120,20100,20000,21000,20100,20000,20100,20100,21100,20100,20100,20100,20100,21002,20002,20110,20110,20002,20000,20000,21000,21002,20002,20100,20102,20100,20100,20000,20200,20100,20110,20000,20100,20002,20002,20100,20000,20100,20100,20000,20100,20000,20100,20000,20020,20000,20100,20102,20020,20002,20000,20000,20100,20110,20010,20110,20110,20002,20200,20100,20010,20000,20110,20110,20100,21002,20010,20100,20002,20210,20000,20110,20000,20000,20000
earls,20000,21020,20000,20010,20020,20000,20000,20000,20201,20000,21010,21100,20000,20000,20100,20010,20100,20000,20010,20000,20100,20000,20000,20001,20101,20000,20010,20000,21010,20010,20010,20010,20010,20010,20010,21010,20020,20100,20002,20000,20010,20000,20000,20010,20100,20000,20100,20000,20000,21100,20100,20100,20101,21100,20100,20100,20101,20100,20100,21100,20100,20001,21001,20001,20101,21000,20100,20100,20002,20010,20001,20101,20100,20000,20002,20010,20000,20102,21000,20002,20000,21000,21100
ebbes,22220,22000,20020,20020,20010,20000,20000,20000,20011,20020,20000,20000,20020,20000,20220,20020,20020,20020,20020,20020,20020,20010,20010,20021,20021,20010,20000,20000,20000,20010,20010,20020,20020,20020,20020,20000,20010,20020,20022,20000,20020,20010,20010,20020,20000,20020,20020,20000,20020,20000,20020,20000,20001,20000,20020,20020,20001,20010,20000,20000,20020,20021,20001,20021,20021,20010,20010,20020,20002,20000,20021,20021,20020,20010,20002,20020,20010,20012,20000,20022,20000,20000,20000
ebens,22110,22000,20100,20100,20200,20000,20000,20000,20101,20110,20000,20000,20110,20000,21100,20100,20100,20110,20100,20110,20100,20110,20110,20111,20101,20100,20000,20000,20020,20100,20100,20110,20100,20110,20110,20000,20200,20100,20102,20010,20110,20110,20110,20110,20010,20110,20110,20010,20100,20010,20100,20010,20001,20000,20100,20100,20011,20100,20000,20010,20110,20111,20001,20111,20101,20100,20200,20100,20002,20000,20111,20101,20100,20100,20002,20100,20100,20202,20000,20102,20000,20000,20000
edins,20010,20000,20000,20000,22000,22200,22000,22000,20001,20010,20000,21000,20010,20100,20100,20100,21100,20110,20100,20110,20100,21110,20110,20111,20101,20100,20100,20100,21020,21000,20200,20010,20000,20010,20010,20100,20000,20000,20002,20110,20010,20010,20210,20010,20010,20010,20010,20010,20200,20010,20000,20010,20001,20200,20000,20000,20011,20000,20100,20010,20010,20011,20001,20011,20001,20000,20000,20000,20002,20000,20011,20001,20000,21000,20102,20000,20100,20002,20000,20002,20000,20000,20000
eekes,20020,20000,20020,20020,21010,20000,20000,20000,22001,20020,20000,20000,20020,20000,20020,20020,20020,20020,20220,20220,20220,21000,21000,20021,20021,21000,20000,20000,20000,21000,21000,20020,21020,20020,20020,20000,21000,20020,20022,20000,20020,21000,21000,20220,20000,20020,20020,20000,20120,20000,20020,20000,20001,20000,20220,21020,20001,21000,20000,20000,20020,20021,20001,20021,20021,21000,21000,20020,20002,20000,20021,20021,20020,21000,20002,20020,21000,21002,20000,20022,20000,20000,20000
egons,20010,20200,20000,20000,20000,20000,20200,20000,20001,20010,22000,22000,22010,22000,20000,20000,20000,21010,20000,20010,20000,20010,20010,20011,20001,20000,20100,20000,20020,20000,20000,20010,20000,20010,20010,20000,20000,20000,20002,20010,21010,21010,21010,20010,20210,20010,20010,20010,20000,20010,21000,21110,21001,20000,20000,20000,20011,20100,20000,20010,20010,20011,20001,20011,20001,21000,20000,20000,20102,20000,20011,20001,20000,20000,20002,20000,20000,20002,20000,20002,20200,20000,20000
eises,20020,20000,20020,20020,20010,21000,20000,20000,20110,20020,20000,20000,20020,21000,22020,22020,22020,22020,22020,22020,22020,22010,22010,22220,22220,22010,22000,22000,20000,20010,21010,20020,20020,20020,20020,21000,20010,20020,20022,21000,20020,20010,21010,20020,20000,20020,20020,20000,21020,20000,20020,20000,20100,21000,20020,20020,20100,20010,21000,20000,20020,20120,20201,20221,20120,20010,20010,20020,20002,20000,20220,20220,20020,20010,21002,20020,21010,20012,20000,20022,20000,20000,20000
elies,20020,21000,20020,21020,21010,20200,20000,20000,20011,20020,21000,20000,20020,20100,20120,21120,20120,20120,21120,20120,20120,20110,20110,20121,20121,20110,21100,20100,22000,22010,22210,22020,22020,22020,22020,21100,21010,20020,20022,20100,21020,20010,20210,21020,20000,20020,20020,20000,20220,20000,20020,20000,20001,20200,20020,20020,20001,20010,20100,20000,20020,20021,20001,20021,20021,20010,20010,20020,20002,21000,20021,20021,20020,20010,20102,21020,20110,20012,20000,20022,20000,20000,20000
elins,20010,21000,20000,21000,21000,20200,20000,20000,20001,20010,21000,20000,20010,20100,20100,21100,20100,20110,21100,20110,20100,20110,20110,20111,20101,20100,21100,20100,22020,22000,22200,22010,22000,22010,22010,21100,21000,20000,20002,20110,21010,20010,20210,21010,20010,20010,20010,20010,20200,20010,20000,20010,20001,20200,20000,20000,20011,20000,20100,20010,20010,20011,20001,20011,20001,20000,20000,20000,20002,21000,20011,20001,20000,20000,20102,21000,20100,20002,20000,20002,20000,20000,20000
elkes,20020,21000,20020,21020,21010,20000,20000,20000,20011,20020,21000,20000,20020,20000,20020,21020,20020,20020,21220,20220,20220,20010,20010,20021,20021,20010,21000,20000,22000,22010,22010,22020,22020,22020,22020,21000,21010,20020,20022,20000,21020,20010,20010,21220,20000,20020,20020,20000,20120,20000,20020,20000,20001,20000,20220,20020,20001,20010,20000,20000,20020,20021,20001,20021,20021,20010,20010,20020,20002,21000,20021,20021,20020,20010,20002,21020,20010,20012,20000,20022,20000,20000,20000
eloys,20000,21200,20000,21000,21000,20000,20200,20000,20001,20000,21000,20000,20000,20000,20000,21000,20000,20000,21000,20000,20000,20000,20000,20001,20001,20000,21100,20000,22000,22000,22000,22000,22000,22000,22000,21000,21000,20000,20002,20000,21000,20000,20000,21000,20200,20000,20000,20020,20000,20000,20000,20100,20001,20000,20000,20000,20001,20100,20000,20000,20000,20001,20011,20001,20001,20000,20000,20000,20102,21020,20001,20001,20000,20000,20002,21000,20000,20002,20000,20002,20200,20000,20000
elses,20020,21000,20020,21020,21010,20000,20000,20000,20110,20020,21000,20000,20020,20000,20020,21020,20020,20020,21020,20020,20020,20010,20010,20220,20220,20010,21000,20000,22000,22010,22010,22020,22020,22020,22020,21000,21010,20020,20022,20000,21020,20010,20010,21020,20000,20020,20020,20000,20020,20000,20020,20000,20100,20000,20020,20020,20100,20010,20000,20000,20020,20120,20201,20221,20120,20010,20010,20020,20002,21000,20220,20220,20020,20010,20002,21020,20010,20012,20000,20022,20000,20000,20000
elzes,20020,21000,20020,21020,21010,20000,20000,20000,20011,20020,21000,20000,20020,20000,20020,21020,20020,20020,21020,20020,20020,20010,20110,20021,20021,20010,21000,20000,22000,22010,22010,22020,22020,22020,22220,21000,21010,20020,20022,20000,21020,20010,20010,21020,20000,20020,20020,20200,20020,20000,20020,20000,20001,20000,20020,20020,20001,20010,20000,20000,20020,20021,20001,20021,20021,20010,20010,20020,20002,21000,20021,20021,20020,20010,20002,21020,20210,20012,20000,20022,20000,20000,20000
emans,20010,20100,20000,20000,20000,20000,20000,20000,20001,20010,20200,20200,20010,20000,20000,20000,20000,20010,20000,20010,20000,20010,20010,20011,20001,20000,20000,20000,20220,20000,20000,20010,20000,20010,20010,22200,22000,22000,22002,20010,20010,20010,20010,20010,21010,20010,20010,21010,20000,20210,20000,20010,20001,20100,20000,21000,20011,20000,20000,20110,20010,20011,20101,20011,20001,20200,20000,20000,20002,20000,20011,20001,20000,20000,20002,20000,20000,20002,20200,20002,20000,20100,20100
emils,20000,20020,20000,20010,20020,20200,20000,20000,20001,20000,20010,20000,20000,20100,20100,20110,20100,20100,20110,20100,20100,20100,20100,20101,20101,20100,20110,20100,20010,20010,20210,20010,20010,20010,20010,22110,22020,22000,22002,20100,20010,20000,20200,20010,21000,20000,20000,21000,20200,20000,20000,20000,20001,20200,20000,21000,20001,20000,20100,20000,20000,20001,20001,20001,20001,20000,20000,20000,20002,20010,20001,20001,20000,20000,20102,20010,20100,20002,20000,20002,20000,20000,20000
emins,20010,20000,20000,20000,20000,20200,20000,20000,20001,20010,20000,20000,20010,20100,20100,20100,20100,20110,20100,20110,20100,20110,20110,20111,20101,20100,20100,20100,20020,20000,20200,20010,20000,20010,20010,22100,22000,22000,22002,20110,20010,20010,20210,20010,21010,20010,20010,21010,20200,20010,20000,20010,20001,20200,20000,21000,20011,20000,20100,20010,20010,20011,20001,20011,20001,20000,20000,20000,20002,20000,20011,20001,20000,20000,20102,20000,20100,20002,20000,20002,20000,20000,20000
emirs,20000,20000,20000,20000,20000,20200,20000,20000,20011,20000,20000,20020,20000,20100,20110,20100,20110,20100,20100,20100,20110,20100,20100,20101,20111,20100,20100,20100,20000,20000,20200,20000,20000,20000,20000,22100,22000,22010,22002,20100,20000,20000,20200,20000,21020,20000,20010,21000,20200,20010,20010,20010,20011,20210,20010,21010,20011,20010,20110,20010,20010,20001,20001,20001,20011,20000,20020,20010,20002,20000,20001,20011,20010,20000,20102,20000,20100,20022,20000,20002,20000,20000,20020
emkes,20020,20000,20020,20020,20010,20000,20000,20000,20011,20020,20000,20000,20020,20000,20020,20020,20020,20020,20220,20220,20220,20010,20010,20021,20021,20010,20000,20000,20000,20010,20010,20020,20020,20020,20020,22000,22010,22020,22022,20000,20020,20010,20010,20220,21000,20020,20020,21000,20120,20000,20020,20000,20001,20000,20220,21020,20001,20010,20000,20000,20020,20021,20001,20021,20021,20010,20010,20020,20002,20000,20021,20021,20020,20010,20002,20020,20010,20012,20000,20022,20000,20000,20000
emmes,20020,20000,20020,20020,20010,20000,20000,20000,20011,20020,20000,20000,20020,20000,20020,20020,20020,20020,20020,20020,20020,20010,20010,20021,20021,20010,20000,20000,20000,20010,20010,20020,20020,20020,20020,22000,22010,22220,22222,20000,20020,20010,20010,20020,21000,20020,20020,21000,20020,20000,20020,20000,20001,20000,20020,20220,20001,20010,20000,20000,20020,20021,20001,20021,20021,20010,20010,20020,20002,20000,20021,20021,20020,20010,20002,20020,20010,20012,20000,20022,20000,20000,20000
emres,20020,20000,20020,20020,20010,20000,20000,20000,20211,20020,20000,20100,20020,20000,20120,20020,20120,20020,20020,20020,20120,20010,20010,20021,20121,20010,20000,20000,20000,20010,20010,20020,20020,20020,20020,22000,22010,22120,22022,20000,20020,20010,20010,20020,21100,20020,20120,21000,20020,20100,20120,20100,20101,20100,20120,21120,20101,20110,20100,20100,20120,20021,20001,20021,20121,20010,20110,20120,20002,20000,20021,20121,20120,20010,20002,20020,20010,20112,20000,20022,20000,20000,20100
erics,20000,20000,20010,20010,20000,20220,20020,20020,21001,20000,20000,21000,20000,20100,21100,20110,21100,20100,20100,20100,21100,20100,20100,20101,21101,20100,20100,20100,20000,20000,20200,20000,20000,20000,20000,20100,20000,21000,20002,20100,20000,20000,20200,20000,21000,20000,21000,20000,20200,22000,22000,22000,22001,22220,22000,22000,22001,22000,22100,22000,22000,20001,20001,20001,21001,20000,21000,21000,20002,20000,20001,21001,21000,20000,20102,20000,20100,21002,20020,20012,20000,20000,21000
erins,20010,20000,20000,20000,20000,20200,20000,20000,21001,20010,20000,21000,20010,20100,21100,20100,21100,20110,20100,20110,21100,20110,20110,20111,21101,20100,20100,20100,20020,20000,20200,20010,20000,20010,20010,20100,20000,21000,20002,20110,20010,20010,20210,20010,21010,20010,21010,20010,20200,22010,22000,22010,22001,22200,22000,22000,22011,22000,22100,22010,22010,20011,20001,20011,21001,20000,21000,21000,20002,20000,20011,21001,21000,20000,20102,20000,20100,21002,20000,20002,20000,20000,21000
esens,20110,20000,20100,20100,20200,20000,20000,20000,21100,20110,20000,20000,20110,20000,20100,20100,20100,20110,20100,20110,20100,20110,20110,21110,21100,20100,20000,20000,20020,20100,20100,20110,20100,20110,20110,20000,20200,20100,20102,20010,20110,20110,20110,20110,20010,20110,20110,20010,20100,20010,20100,20010,21000,20000,20100,20100,21010,20100,20000,20010,20110,22110,22001,22111,22100,20100,20200,20100,20002,20000,21110,21100,20100,20100,20002,20100,20100,20202,20000,20102,20000,20000,20000
esmes,20020,20000,20020,20020,20010,20000,20000,20000,21010,20020,20000,20000,20020,20000,20020,20020,20020,20020,20020,20020,20020,20010,20010,21020,21020,20010,20000,20000,20000,20010,20010,20020,20020,20020,20020,20100,20110,20220,20222,20000,20020,20010,20010,20020,20100,20020,20020,20100,20020,20000,20020,20000,21000,20000,20020,20220,21000,20010,20000,20000,20020,22020,22001,22021,22020,20010,20010,20020,20002,20000,21020,21020,20020,20010,20002,20020,20010,20012,20000,20022,20000,20000,20000
evans,20010,20100,20000,20000,20000,20000,20000,20000,20001,20010,20200,20200,20010,20000,20000,20000,20000,20010,20000,20010,20000,20010,20010,20011,20001,20000,21000,20000,20220,20000,20000,20010,20000,20010,20010,20200,20000,20000,20002,20010,20010,20010,20010,20010,20010,20010,20010,20010,20000,20210,20000,20010,20001,20100,20000,20000,20011,20000,20000,21110,21010,20011,20101,20011,20001,20200,20000,20000,20002,20000,20011,20001,20000,20000,20002,21000,20000,22002,20200,20002,20000,20100,20100
evies,20020,20000,20020,20020,20010,20200,20000,20000,20011,20020,20000,20000,20020,20100,20120,20120,20120,20120,20120,20120,20120,20110,20110,20121,20121,20110,21100,20100,20000,20010,20210,20020,20020,20020,20020,20100,20010,20020,20022,20100,20020,20010,20210,20020,20000,20020,20020,20000,20220,20000,20020,20000,20001,20200,20020,20020,20001,20010,20100,21000,21020,20021,20001,20021,20021,20010,20010,20020,20002,20000,20021,20021,20020,20010,20102,21020,20110,22012,20000,20022,20000,20000,20000
ewans,20010,20100,20000,20000,20000,20000,20000,20000,20001,20010,20200,20200,20010,20000,20000,20000,20000,20010,20000,20010,20000,20010,20010,20011,20001,20000,20000,21000,20220,20000,20000,20010,20000,20010,20010,20200,20000,20000,20002,20010,20010,20010,20010,20010,20010,20010,20010,20010,20000,20210,20000,20010,20001,20100,20000,20000,20011,20000,20000,20110,20010,20011,20101,20011,20001,20200,20000,20000,20002,20000,20011,20001,20000,20000,20002,20000,20000,20002,20200,20002,20000,20100,20100
erpse,20001,20000,20001,20001,20002,20000,20000,20000,21021,20001,20000,21000,20001,20000,21001,20001,21001,20001,20001,20001,21001,20002,20002,20011,21011,20002,20000,20000,20000,20002,20002,20001,20202,20201,20001,20000,20001,21001,20011,20000,20001,20002,20002,20001,21000,20001,21001,20000,20101,22000,22001,22000,22020,22000,22001,22002,22020,22002,22000,22000,22001,20211,20010,20011,21011,20002,21001,21001,20010,20000,20011,21011,21001,20002,20010,20001,20002,21011,20000,20011,20000,20200,21000
ebben,22222,22000,20020,20020,20010,20000,20000,20000,20010,20022,20000,20000,20022,20000,20220,20020,20020,20022,20020,20022,20020,20011,20011,20022,20020,20010,20000,20000,20001,20010,20010,20022,20020,20022,20022,20000,20010,20020,20020,20002,20021,20011,20011,20021,20001,20022,20021,20001,20020,20002,20020,20002,20000,20000,20020,20020,20001,20010,20000,20002,20022,20022,20000,20022,20020,20010,20010,20020,20000,20000,20022,20020,20020,20010,20000,20020,20010,20010,20000,20020,20000,20000,20000
ebola,22000,22222,20000,20010,20020,20000,20200,20000,20000,20000,20011,20001,20000,20000,21000,20010,20000,20000,20010,20000,20000,20000,20000,20000,20000,20000,20110,20000,20011,20010,20010,20010,20010,20010,20010,20011,20020,20000,20000,20000,20010,20000,20000,20010,20200,20000,20000,20000,20000,20001,20000,20100,20000,20002,20000,20000,20000,20100,20000,20001,20000,20000,20001,20000,20000,20001,20000,20000,20100,20010,20000,20000,20000,20000,20000,20010,20000,20000,20001,20000,20200,20001,20002
echec,20020,20000,22222,22220,20010,21000,21100,21000,20010,20020,20000,20000,20020,20000,20020,21020,20020,20020,20020,20020,20020,20010,20010,20020,20020,20010,20000,20000,20000,20010,20010,20020,20020,20020,20020,20000,20010,20020,20020,20000,20020,20010,20010,20020,20000,20020,20020,20000,20020,20000,20020,20000,20000,21000,20020,20020,20000,20010,20000,20000,20020,20020,20000,20020,20020,20010,20010,20220,20200,20200,20020,20020,20020,20010,20000,20020,20010,20010,21000,21020,20000,20000,20000
echel,20020,20001,22220,22222,20011,21000,21100,21000,20010,20020,20002,20000,20020,20000,20020,21022,20020,20020,20022,20020,20020,20010,20010,20020,20020,20010,20002,20000,20001,20011,20011,20021,20021,20021,20021,20002,20011,20020,20020,20000,20022,20010,20010,20022,20000,20020,20020,20000,20020,20000,20020,20000,20000,21000,20020,20020,20000,20010,20000,20000,20020,20020,20000,20020,20020,20010,20010,20220,20200,20202,20020,20020,20020,20010,20000,20022,20010,20010,21000,21020,20000,20000,20000
edele,20100,20020,20100,20110,22222,22000,22000,22000,20100,20100,20010,21000,20100,20000,20100,20110,21100,20100,20110,20100,20100,21002,20002,20100,20100,20002,20010,20000,21010,21012,20012,20110,20112,20110,20110,20010,20220,20100,20100,20000,20110,20002,20002,20110,20000,20100,20100,20000,20100,20000,20100,20000,20000,20000,20100,20102,20000,20002,20000,20000,20100,20100,20000,20100,20100,20002,20200,20100,20000,20010,20100,20100,20100,21002,20000,20110,20002,20200,20000,20100,20000,20000,20000
edict,20000,20000,20010,20010,22000,22222,22020,22022,20002,20000,20000,21000,20000,20100,20100,20110,21100,20100,20100,20100,20100,21100,20100,20100,20100,20101,20100,20102,21000,21000,20201,20000,20000,20000,20000,20100,20002,20000,20000,20100,20000,20001,20200,20000,20000,20001,20001,20000,20200,20000,20000,20000,20002,20220,20000,20000,20002,20001,20102,20000,20000,20000,20000,20000,20001,20001,20001,20001,20001,20001,20001,20001,20001,21001,20101,20000,20100,20000,20022,20010,20002,20002,20001
edoch,20000,20200,20011,20011,22000,22020,22222,22020,20000,20000,20000,21000,20000,20000,20000,20010,21000,20000,20000,20000,20000,21000,20000,20000,20000,20000,20100,20000,21000,21000,20000,20000,20000,20000,20000,20000,20000,20000,20000,20000,20000,20000,20000,20000,20200,20000,20000,20000,20000,20000,20000,20100,20000,20020,20000,20000,20000,20100,20000,20000,20000,20000,20000,20000,20000,20000,20000,20001,20101,20001,20000,20000,20000,21000,20000,20000,20000,20000,20020,20010,20200,20000,20000
educt,20000,20000,20010,20010,22000,22022,22020,22222,20002,20000,20000,21000,20000,20000,20000,20010,21000,20000,20000,20000,20000,21000,20000,20000,20000,20001,20000,20002,21000,21000,20001,20000,20000,20000,20000,20000,20002,20000,20000,20000,20000,20001,20000,20000,20000,20001,20001,20000,20000,20000,20000,20000,20002,20020,20000,20000,20002,20001,20202,20000,20000,20000,20000,20000,20001,20001,20001,20001,20001,20001,20001,20001,20001,21201,20201,20100,20100,20000,20022,20010,20002,20002,20001
eerst,21000,20000,21000,21000,21000,20002,20000,20002,22222,21000,20000,20100,21000,20000,21100,21000,21100,21000,21000,21000,21100,21000,21000,21010,21110,21001,20000,20002,20000,21000,21001,21000,21000,21000,21000,20000,21002,21100,21010,20000,21000,21001,21000,21000,20100,21001,21101,20000,21000,20100,21100,20100,20122,20100,21100,21100,20122,21101,20102,20100,21100,21010,20010,21010,21111,21001,21101,21101,20011,20001,21011,21111,21101,21001,20011,21000,21000,21110,20002,21010,20002,20002,20101
effen,20022,20000,20020,20020,20010,20000,20000,20000,20010,22222,20000,20000,20022,20000,20020,20020,20020,20022,20020,20022,20020,20011,20011,20022,20020,20010,20000,20000,20001,20210,20010,20022,20020,20022,20022,20000,20010,20020,20020,20202,20021,20011,20011,20021,20001,20022,20021,20001,20020,20002,20020,20002,20000,20000,20020,20020,20001,20010,20000,20002,20022,20022,20000,20022,20020,20010,20010,20020,20000,20000,20022,20020,20020,20010,20000,20020,20010,20010,20000,20020,20000,20000,20000
egaal,20000,20101,20000,20002,20001,20000,20000,20000,20000,20000,22222,22200,22000,22000,20000,20002,20000,21000,20002,20000,20000,20000,20000,20000,20000,20000,20002,20000,20201,20001,20001,20001,20001,20001,20001,20202,20001,20000,20000,20000,21002,21000,21000,20002,20000,20000,20000,20000,20000,20220,21000,21000,21000,20100,20000,20000,20000,20000,20000,20020,20000,20000,20020,20000,20000,21200,20000,20000,20000,20002,20000,20000,20000,20000,20000,20002,20000,20000,20200,20000,20000,20020,20100
egard,20000,20100,20000,20000,20001,20001,20001,20001,20010,20000,22200,22222,22000,22000,20010,20000,20011,21000,20000,20000,20010,20001,20000,20000,20010,20000,20000,20000,20202,20001,20000,20000,20000,20000,20000,20200,20000,20010,20000,20000,21000,21000,21000,20000,20020,20000,20010,20000,20000,20210,21010,21010,21010,20110,20010,20010,20010,20010,20010,20110,20010,20000,20100,20000,20010,21200,20020,20010,20000,20000,20000,20010,20010,20001,20000,20000,20000,20020,20200,20000,20000,20100,20120
eggen,20022,20000,20020,20020,20010,20000,20000,20000,20010,20022,22000,22000,22222,22200,20020,20020,20020,20222,20020,20022,20020,20011,20011,20022,20020,20010,20000,20000,20001,20010,20010,20022,20020,20022,20022,20000,20010,20020,20020,20002,20221,20211,21011,20021,20001,20022,20021,20001,20020,20002,20220,20202,20200,20000,20020,20020,20001,20010,20000,20002,20022,20022,20000,20022,20020,21010,20010,20020,20000,20000,20022,20020,20020,20010,20000,20020,20010,20010,20000,20020,20000,20000,20000
eggig,20000,20000,20000,20000,20000,20010,20000,20000,20000,20000,22000,22000,22200,22222,20010,20010,20010,20210,20010,20010,20010,20010,20010,20010,20010,20010,20010,20020,20000,20000,20010,20000,20000,20000,20000,20020,20000,20000,20000,20020,20200,20200,21010,20000,20000,20000,20000,20000,20010,20000,20200,20200,20200,20010,20000,20000,20000,20000,20020,20000,20000,20000,20000,20000,20000,21000,20000,20000,20000,20000,20000,20000,20000,20000,20020,20000,20020,20000,20000,20000,20000,20000,20000
eiber,20220,20100,20020,20020,20010,21000,20000,20000,20011,20020,20000,20001,20020,21000,22222,22020,22022,22020,22020,22020,22022,22010,22010,22020,22022,22010,22000,22000,20000,20010,21010,20020,20020,20020,20020,21000,20010,20022,20020,21000,20020,20010,21010,20020,20001,20020,20022,20000,21020,20001,20022,20001,20001,21001,20022,20021,20001,20011,21001,20001,20021,20020,20000,20020,20022,20010,20011,20022,20000,20000,20020,20022,20022,20010,21000,20020,21010,20011,20000,20020,20000,20000,20001
eicel,20020,20001,20120,20122,20011,21100,20100,20100,20010,20020,20002,20000,20020,21000,22020,22222,22020,22020,22022,22020,22020,22010,22010,22020,22020,22010,22002,22000,20001,20011,21011,20021,20021,20021,20021,21002,20011,20020,20020,21000,20022,20010,21010,20022,20000,20020,20020,20000,21020,20000,20020,20000,20000,21100,20020,20020,20000,20010,21000,20000,20020,20020,20000,20020,20020,20010,20010,20020,20000,20002,20020,20020,20020,20010,21000,20022,21010,20010,20100,20220,20000,20000,20000
eider,20020,20000,20020,20020,20110,21100,20100,20100,20011,20020,20000,20101,20020,21000,22022,22020,22222,22020,22020,22020,22022,22110,22010,22020,22022,22010,22000,22000,20100,20110,21010,20020,20020,20020,20020,21000,20010,20022,20020,21000,20020,20010,21010,20020,20001,20020,20022,20000,21020,20001,20022,20001,20001,21001,20022,20021,20001,20011,21001,20001,20021,20020,20000,20020,20022,20010,20011,20022,20000,20000,20020,20022,20022,20110,21000,20020,21010,20011,20000,20020,20000,20000,20001
eigen,20022,20000,20020,20020,20010,21000,20000,20000,20010,20022,20100,20100,20222,21200,22020,22020,22020,22222,22020,22022,22020,22011,22011,22022,22020,22010,22000,22000,20001,20010,21010,20022,20020,20022,20022,21000,20010,20020,20020,21002,20221,20211,21111,20021,20001,20022,20021,20001,21020,20002,20220,20202,20200,21000,20020,20020,20001,20010,21000,20002,20022,20022,20000,20022,20020,20110,20010,20020,20000,20000,20022,20020,20020,20010,21000,20020,21010,20010,20000,20020,20000,20000,20000
eikel,20020,20001,20020,20022,20011,21000,20000,20000,20010,20020,20002,20000,20020,21000,22020,22022,22020,22020,22222,22220,22220,22010,22010,22020,22020,22010,22002,22000,20001,20011,21011,20021,20021,20021,20021,21002,20011,20020,20020,21000,20022,20010,21010,20222,20000,20020,20020,20000,21120,20000,20020,20000,20000,21000,20220,20020,20000,20010,21000,20000,20020,20020,20000,20020,20020,20010,20010,20020,20000,20002,20020,20020,20020,20010,21000,20022,21010,20010,20000,20020,20000,20000,20000
eiken,20022,20000,20020,20020,20010,21000,20000,20000,20010,20022,20000,20000,20022,21000,22020,22020,22020,22022,22220,22222,22220,22011,22011,22022,22020,22010,22000,22000,20001,20010,21010,20022,20020,20022,20022,21000,20010,20020,20020,21002,20021,20011,21011,20221,20001,20022,20021,20001,21120,20002,20020,20002,20000,21000,20220,20020,20001,20010,21000,20002,20022,20022,20000,20022,20020,20010,20010,20020,20000,20000,20022,20020,20020,20010,21000,20020,21010,20010,20000,20020,20000,20000,20000
eiker,20020,20000,20020,20020,20010,21000,20000,20000,20011,20020,20000,20001,20020,21000,22022,22020,22022,22020,22220,22220,22222,22010,22010,22020,22022,22010,22000,22000,20000,20010,21010,20020,20020,20020,20020,21000,20010,20022,20020,21000,20020,20010,21010,20220,20001,20020,20022,20000,21120,20001,20022,20001,20001,21001,20222,20021,20001,20011,21001,20001,20021,20020,20000,20020,20022,20010,20011,20022,20000,20000,20020,20022,20022,20010,21000,20020,21010,20011,20000,20020,20000,20000,20001
einde,20101,20000,20001,20001,20012,21010,20010,20010,20001,20101,20000,20010,20101,21000,22001,22001,22011,22101,22001,22101,22001,22222,22202,22101,22001,22002,22000,22000,20110,20022,21002,20101,20002,20101,20101,21000,20001,20001,20001,21100,20101,20102,21102,20101,20100,20101,20101,20100,21001,20100,20001,20100,20000,21000,20001,20002,20200,20002,21000,20100,20101,20101,20000,20101,20001,20002,20001,20001,20000,20000,20101,20001,20001,20022,21000,20001,21002,20001,20000,20001,20000,20000,20000
einze,20101,20000,20001,20001,20002,21000,20000,20000,20001,20101,20000,20000,20101,21000,22001,22001,22001,22101,22001,22101,22001,22202,22222,22101,22001,22002,22000,22000,20100,20002,21002,20101,20002,20101,20111,21000,20001,20001,20001,21100,20101,20102,21102,20101,20100,20101,20101,20110,21001,20100,20001,20100,20000,21000,20001,20002,20200,20002,21000,20100,20101,20101,20000,20101,20001,20002,20001,20001,20000,20000,20101,20001,20001,20002,21000,20001,21012,20001,20000,20001,20000,20000,20000
eisen,20022,20000,20020,20020,20010,21000,20000,20000,20110,20022,20000,20000,20022,21000,22020,22020,22020,22022,22020,22022,22020,22011,22011,22222,22220,22010,22000,22000,20001,20010,21010,20022,20020,20022,20022,21000,20010,20020,20120,21002,20021,20011,21011,20021,20001,20022,20021,20001,21020,20002,20020,20002,20100,21000,20020,20020,20101,20010,21000,20002,20022,20122,20200,20222,20120,20010,20010,20020,20100,20000,20222,20220,20020,20010,21100,20020,21010,20110,20000,20120,20000,20000,20000
eiser,20020,20000,20020,20020,20010,21000,20000,20000,20111,20020,20000,20001,20020,21000,22022,22020,22022,22020,22020,22020,22022,22010,22010,22220,22222,22010,22000,22000,20000,20010,21010,20020,20020,20020,20020,21000,20010,20022,20120,21000,20020,20010,21010,20020,20001,20020,20022,20000,21020,20001,20022,20001,20101,21001,20022,20021,20101,20011,21001,20001,20021,20120,20200,20220,20122,20010,20011,20022,20100,20000,20220,20222,20022,20010,21100,20020,21010,20111,20000,20120,20000,20000,20001
eitje,20001,20000,20001,20001,20002,21100,20000,20100,20101,20001,20000,20000,20001,21000,22001,22001,22001,22001,22001,22001,22001,22002,22002,22001,22001,22222,22000,22100,20000,20002,21102,20001,20002,20001,20001,21000,20101,20001,20001,21000,20001,20102,21002,20001,20000,20201,20201,20000,21001,20000,20001,20000,20100,21000,20001,20002,20100,20202,21100,20000,20001,20001,20000,20001,20201,20102,20101,20101,20100,20100,20101,20101,20201,20102,21100,20001,21002,20001,20100,20001,20100,20100,20200
eivol,20000,20011,20000,20002,20001,21000,20010,20000,20000,20000,20002,20000,20000,21000,22000,22002,22000,22000,22002,22000,22000,22000,22000,22000,22000,22000,22222,22000,20001,20001,21001,20001,20001,20001,20001,21002,20001,20000,20000,21000,20002,20000,21000,20002,20010,20000,20000,20000,21000,20000,20000,20020,20000,21000,20000,20000,20000,20020,21000,20200,20200,20000,20000,20000,20000,20000,20000,20000,20020,20002,20000,20000,20000,20000,21000,20202,21000,20100,20000,20000,20020,20000,20000
eiwit,20000,20000,20000,20000,20000,21002,20000,20002,20002,20000,20000,20000,20000,20020,22000,22000,22000,22000,22000,22000,22000,22000,22000,22000,22000,22001,22000,22222,20000,20000,21001,20000,20000,20000,20000,20020,20002,20000,20000,20020,20000,20001,21000,20000,20000,20001,20001,20000,21000,20000,20000,20000,20002,21000,20000,20000,20002,20001,20022,20000,20000,20000,20000,20000,20001,20001,20001,20001,20001,20001,20001,20001,20001,20001,20021,20000,20020,20000,20002,20000,20002,20002,20001
eland,20010,21100,20000,21000,21001,20001,20001,20001,20000,20010,21200,20202,20010,20000,20000,21000,20001,20010,21000,20010,20000,20011,20010,20010,20000,20000,21000,20000,22222,22001,22000,22010,22000,22010,22010,21200,21000,20000,20000,20010,21010,20010,20010,21010,20010,20010,20010,20010,20000,20210,20000,20010,20000,20100,20000,20000,20010,20000,20000,20110,20010,20010,20100,20010,20000,20200,20000,20000,20000,21000,20010,20000,20000,20001,20000,21000,20000,20000,20200,20000,20000,20100,20100
elfde,20001,21000,20001,21001,21012,20010,20010,20010,20001,20201,21000,20010,20001,20000,20001,21001,20011,20001,21001,20001,20001,20022,20002,20001,20001,20002,21000,20000,22010,22222,22002,22001,22002,22001,22001,21000,21001,20001,20001,20200,21001,20002,20002,21001,20000,20001,20001,20000,20001,20000,20001,20000,20000,20000,20001,20002,20000,20002,20000,20000,20001,20001,20000,20001,20001,20002,20001,20001,20000,21000,20001,20001,20001,20022,20000,21001,20002,20001,20000,20001,20000,20000,20000
elite,20001,21000,20001,21001,21002,20210,20000,20010,20011,20001,21000,20000,20001,20100,20101,21101,20101,20101,21101,20101,20101,20102,20102,20101,20101,20112,21100,20110,22000,22002,22222,22001,22002,22001,22001,21100,21011,20001,20001,20100,21001,20022,20202,21001,20000,20011,20011,20000,20201,20000,20001,20000,20010,20200,20001,20002,20010,20012,20110,20000,20001,20001,20000,20001,20011,20012,20011,20011,20010,21010,20011,20011,20011,20012,20110,21001,20102,20001,20010,20001,20010,20010,20010
ellen,20022,21000,20020,21020,21010,20000,20000,20000,20010,20022,21000,20000,20022,20000,20020,21020,20020,20022,21020,20022,20020,20011,20011,20022,20020,20010,21000,20000,22001,22010,22010,22222,22020,22022,22022,21000,21010,20020,20020,20002,21021,20011,20011,21021,20001,20022,20021,20001,20020,20002,20020,20002,20000,20000,20020,20020,20001,20010,20000,20002,20022,20022,20000,20022,20020,20010,20010,20020,20000,21000,20022,20020,20020,20010,20000,21020,20010,20010,20000,20020,20000,20000,20000
elpee,20020,21000,20020,21020,21012,20000,20000,20000,20010,20020,21000,20000,20020,20000,20020,21020,20020,20020,21020,20020,20020,20002,20002,20020,20020,20002,21000,20000,22000,22002,22002,22020,22222,22220,22020,21000,21010,20020,20020,20000,21020,20002,20002,21020,20000,20020,20020,20000,20120,20000,20020,20000,20000,20000,20020,20022,20000,20002,20000,20000,20020,20220,20000,20020,20020,20002,20010,20020,20000,21000,20020,20020,20020,20002,20000,21020,20002,20010,20000,20020,20000,20200,20000
elpen,20022,21000,20020,21020,21010,20000,20000,20000,20010,20022,21000,20000,20022,20000,20020,21020,20020,20022,21020,20022,20020,20011,20011,20022,20020,20010,21000,20000,22001,22010,22010,22022,22220,22222,22022,21000,21010,20020,20020,20002,21021,20011,20011,21021,20001,20022,20021,20001,20120,20002,20020,20002,20000,20000,20020,20020,20001,20010,20000,20002,20022,20222,20000,20022,20020,20010,20010,20020,20000,21000,20022,20020,20020,20010,20000,21020,20010,20010,20000,20020,20000,20200,20000
elzen,20022,21000,20020,21020,21010,20000,20000,20000,20010,20022,21000,20000,20022,20000,20020,21020,20020,20022,21020,20022,20020,20011,20111,20022,20020,20010,21000,20000,22001,22010,22010,22022,22020,22022,22222,21000,21010,20020,20020,20002,21021,20011,20011,21021,20001,20022,20021,20201,20020,20002,20020,20002,20000,20000,20020,20020,20001,20010,20000,20002,20022,20022,20000,20022,20020,20010,20010,20020,20000,21000,20022,20020,20020,20010,20000,21020,20210,20010,20000,20020,20000,20000,20000
email,20000,20101,20000,20002,20001,20010,20000,20000,20000,20000,20202,20200,20000,20020,20010,20012,20010,20010,20012,20010,20010,20010,20010,20010,20010,20010,20012,20020,20201,20001,20011,20001,20001,20001,20001,22222,22001,22000,22000,20020,20002,20000,20010,20002,21000,20000,20000,21000,20010,20200,20000,20000,20000,20110,20000,21000,20000,20000,20020,20100,20000,20000,20100,20000,20000,20200,20000,20000,20000,20002,20000,20000,20000,20000,20020,20002,20020,20000,20200,20000,20000,20100,20100
emelt,20100,20020,20100,20110,20220,20002,20000,20002,20102,20100,20010,20000,20100,20000,20100,20110,20100,20100,20110,20100,20100,20100,20100,20100,20100,20101,20010,20002,20010,20110,20111,20110,20110,20110,20110,22010,22222,22100,22100,20000,20110,20101,20100,20110,21000,20101,20101,21000,20100,20000,20100,20000,20002,20000,20100,21100,20002,20101,20002,20000,20100,20100,20000,20100,20101,20101,20201,20101,20001,20011,20101,20101,20101,20101,20001,20110,20100,20200,20002,20100,20002,20002,20001
emmer,20020,20000,20020,20020,20010,20000,20000,20000,20011,20020,20000,20001,20020,20000,20022,20020,20022,20020,20020,20020,20022,20010,20010,20020,20022,20010,20000,20000,20000,20010,20010,20020,20020,20020,20020,22000,22010,22222,22220,20000,20020,20010,20010,20020,21001,20020,20022,21000,20020,20001,20022,20001,20001,20001,20022,20221,20001,20011,20001,20001,20021,20020,20000,20020,20022,20010,20011,20022,20000,20000,20020,20022,20022,20010,20000,20020,20010,20011,20000,20020,20000,20000,20001
emmes,20020,20000,20020,20020,20010,20000,20000,20000,20011,20020,20000,20000,20020,20000,20020,20020,20020,20020,20020,20020,20020,20010,20010,20021,20021,20010,20000,20000,20000,20010,20010,20020,20020,20020,20020,22000,22010,22220,22222,20000,20020,20010,20010,20020,21000,20020,20020,21000,20020,20000,20020,20000,20001,20000,20020,20220,20001,20010,20000,20000,20020,20021,20001,20021,20021,20010,20010,20020,20002,20000,20021,20021,20020,20010,20002,20020,20010,20012,20000,20022,20000,20000,20000
enfin,20002,20000,20000,20000,20000,20010,20000,20000,20000,20202,20000,20000,20002,20020,20010,20010,20010,20012,20010,20012,20010,21010,21010,20012,20010,20010,20010,20020,21000,20200,20010,20002,20000,20002,20002,20020,20000,20000,20000,22222,22000,22000,22010,22000,22000,22002,22000,22000,20010,20002,20000,20002,20000,20010,20000,20000,21000,20000,20020,20002,20002,20002,20000,20002,20000,20000,20000,20000,20000,20000,20002,20000,20000,20000,20020,20000,20020,20000,20000,20000,20000,20000,20000
engel,21020,20001,20020,20022,20011,20000,20000,20000,20010,21020,20102,20100,21220,20200,20020,20022,20020,21220,20022,21020,20020,21010,21010,21020,20020,20010,20002,20000,21001,20011,20011,21021,20021,21021,21021,20002,20011,20020,20020,22000,22222,22210,22110,22022,22000,22020,22020,22000,20020,21000,20220,21200,20200,20000,20020,20020,21000,20010,20000,21000,21020,21020,20000,21020,20020,20110,20010,20020,20000,20002,21020,20020,20020,20010,20000,20022,20010,20010,20000,20020,20000,20000,20000
engte,21001,20000,20001,20001,20002,20010,20000,20010,20011,21001,20100,20100,21201,20200,20001,20001,20001,21201,20001,21001,20001,21002,21002,21001,20001,20012,20000,20010,21000,20002,20022,21001,20002,21001,21001,20000,20011,20001,20001,22000,22201,22222,22102,22001,22000,22011,22011,22000,20001,21000,20201,21200,20210,20000,20001,20002,21010,20012,20010,21000,21001,21001,20000,21001,20011,20112,20011,20011,20010,20010,21011,20011,20011,20012,20010,20001,20002,20001,20010,20001,20010,20010,20010
enige,21001,20000,20001,20001,20002,20200,20000,20000,20001,21001,20010,20010,21011,20110,20101,20101,20101,21111,20101,21101,20101,21102,21102,21101,20101,20102,20100,20100,21000,20002,20202,21001,20002,21001,21001,20100,20001,20001,20001,22100,22011,22012,22222,22001,22000,22001,22001,22000,20201,21000,20011,21010,20010,20200,20001,20002,21000,20002,20100,21000,21001,21001,20000,21001,20001,20022,20001,20001,20000,20000,21001,20001,20001,20002,20100,20001,20102,20001,20000,20001,20000,20000,20000
enkel,21020,20001,20020,20022,20011,20000,20000,20000,20010,21020,20002,20000,21020,20000,20020,20022,20020,21020,20222,21220,20220,21010,21010,21020,20020,20010,20002,20000,21001,20011,20011,21021,20021,21021,21021,20002,20011,20020,20020,22000,22022,22010,22010,22222,22000,22020,22020,22000,20120,21000,20020,21000,20000,20000,20220,20020,21000,20010,20000,21000,21020,21020,20000,21020,20020,20010,20010,20020,20000,20002,21020,20020,20020,20010,20000,20022,20010,20010,20000,20020,20000,20000,20000
enorm,21000,20200,20000,20000,20000,20000,20200,20000,20010,21000,20000,20020,21000,20000,20010,20000,20010,21000,20000,21000,20010,21000,21000,21000,20010,20000,20100,20000,21000,20000,20000,21000,20000,21000,21000,20001,20001,20011,20001,22000,22000,22000,22000,22000,22222,22000,22010,22002,20000,21010,20010,21110,20010,20010,20010,20011,21010,20110,20010,21010,21010,21000,20000,21000,20010,20000,20020,20010,20100,20000,21000,20010,20010,20000,20000,20000,20000,20020,20000,20000,20200,20000,20020
enten,20022,20000,20020,20020,20010,20100,20000,20100,20110,20022,20000,20000,20022,20000,20020,20020,20020,20022,20020,20022,20020,21010,21010,20022,20020,20210,20000,20100,21000,20010,20110,20022,20020,20022,20022,20000,20110,20020,20020,22002,22020,22110,22010,22020,22000,22222,22220,22000,20020,20002,20020,20002,20100,20000,20020,20020,21100,20210,20100,20002,20022,20022,20000,20022,20220,20110,20110,20120,20100,20100,20122,20120,20220,20110,20100,20020,20010,20010,20100,20020,20100,20100,20200
enter,21020,20000,20020,20020,20010,20100,20000,20100,20111,21020,20000,20001,21020,20000,20022,20020,20022,21020,20020,21020,20022,21010,21010,21020,20022,20210,20000,20100,21000,20010,20110,21020,20020,21020,21020,20000,20110,20022,20020,22000,22020,22110,22010,22020,22001,22220,22222,22000,20020,21001,20022,21001,20101,20001,20022,20021,21101,20211,20101,21001,21021,21020,20000,21020,20222,20110,20111,20122,20100,20100,21120,20122,20222,20110,20100,20020,20010,20011,20100,20020,20100,20100,20201
enzym,21000,20000,20000,20000,20000,20000,20000,20000,20000,21000,20000,20000,21000,20000,20000,20000,20000,21000,20000,21000,20000,21000,21100,21000,20000,20000,20000,20000,21000,20000,20000,21000,20000,21000,21200,20001,20001,20001,20001,22000,22000,22000,22000,22000,22002,22000,22000,22222,20000,21000,20000,21000,20000,20000,20000,20001,21000,20000,20000,21000,21000,21000,20010,21000,20000,20000,20000,20000,20000,20020,21000,20000,20000,20000,20000,20000,20200,20000,20000,20000,20000,20000,20000
epiek,20020,20000,20020,20020,20010,20200,20000,20000,20010,20020,20000,20000,20020,20100,20120,20120,20120,20120,20121,20121,20121,20110,20110,20120,20120,20110,20100,20100,20000,20010,20210,20020,21020,21020,20020,20100,20010,20020,20020,20100,20020,20010,20210,20021,20000,20020,20020,20000,22222,20000,20020,20000,20000,20200,20021,20020,20000,20010,20100,20000,20020,21020,20000,20020,20020,20010,20010,20020,20000,20000,20020,20020,20020,20010,20100,20020,20110,20010,20000,20020,20000,21000,20000
eraan,20002,20100,20000,20000,20000,20000,20000,20000,21000,20002,20220,21200,20002,20000,21000,20000,21000,20002,20000,20002,21000,20001,20001,20002,21000,20000,20000,20000,20201,20000,20000,20002,20000,20002,20002,20200,20000,21000,20000,20002,20001,20001,20001,20001,21001,20002,21001,20001,20000,22222,22000,22002,22000,22100,22000,22000,22001,22000,22000,22022,22002,20002,20020,20002,21000,20200,21000,21000,20000,20000,20002,21000,21000,20000,20000,20000,20000,21000,20200,20000,20000,20020,21100
erger,20020,20000,20020,20020,20010,20000,20000,20000,21010,20020,20100,21100,20220,20200,20022,20020,20022,20220,20020,20020,20022,20010,20010,20020,20022,20010,20000,20000,20000,20010,20010,20020,20020,20020,20020,20000,20010,20022,20020,20000,20220,20210,20110,20020,21000,20020,20022,20000,20020,22000,22222,22200,22200,22000,22022,22020,22000,22010,22000,22000,22020,20020,20000,20020,20022,20110,21010,20022,20000,20000,20020,20022,20022,20010,20000,20020,20010,21010,20000,20020,20000,20000,21000
ergon,20002,20010,20000,20000,20000,20000,20010,20000,21000,20002,20100,21100,20202,20200,21000,20000,21000,20202,20000,20002,21000,20001,20001,20002,21000,20000,20020,20000,20001,20000,20000,20002,20000,20002,20002,20000,20000,21000,20000,20002,20201,20201,20101,20001,21011,20002,21001,20001,20000,22002,22200,22222,22200,22000,22000,22000,22001,22020,22000,22002,22002,20002,20000,20002,21000,20100,21000,21000,20020,20000,20002,21000,21000,20000,20000,20000,20000,21000,20000,20000,20020,20000,21000
ergst,20000,20000,20000,20000,20000,20002,20000,20002,21022,20000,20100,21100,20200,20200,21000,20000,21000,20200,20000,20000,21000,20000,20000,20010,21010,20001,20000,20002,20000,20000,20001,20000,20000,20000,20000,20000,20002,21000,20010,20000,20200,20201,20100,20000,21000,20001,21001,20000,20000,22000,22200,22200,22222,22000,22000,22000,22022,22001,22002,22000,22000,20010,20010,20010,21011,20101,21001,21001,20011,20001,20011,21011,21001,20001,20011,20000,20000,21010,20002,20010,20002,20002,21001
erica,20000,20002,20010,20010,20000,20220,20020,20020,21000,20000,20001,21001,20000,20100,21100,20110,21100,20100,20100,20100,21100,20100,20100,20100,21100,20100,20100,20100,20001,20000,20200,20000,20000,20000,20000,20101,20000,21000,20000,20100,20000,20000,20200,20000,21000,20000,21000,20000,20200,22001,22000,22000,22000,22222,22000,22000,22000,22000,22100,22001,22000,20000,20001,20000,21000,20001,21000,21000,20000,20000,20000,21000,21000,20000,20100,20000,20100,21000,20021,20010,20000,20001,21002
erker,20020,20000,20020,20020,20010,20000,20000,20000,21010,20020,20000,21000,20020,20000,20022,20020,20022,20020,20220,20220,20222,20010,20010,20020,20022,20010,20000,20000,20000,20010,20010,20020,20020,20020,20020,20000,20010,20022,20020,20000,20020,20010,20010,20220,21000,20020,20022,20000,20120,22000,22022,22000,22000,22000,22222,22020,22000,22010,22000,22000,22020,20020,20000,20020,20022,20010,21010,20022,20000,20000,20020,20022,20022,20010,20000,20020,20010,21010,20000,20020,20000,20000,21000
ermee,20020,20000,20020,20020,20012,20000,20000,20000,21010,20020,20000,21000,20020,20000,21020,20020,21020,20020,20020,20020,21020,20002,20002,20020,21020,20002,20000,20000,20000,20002,20002,20020,20022,20020,20020,20100,20110,21220,20220,20000,20020,20002,20002,20020,21100,20020,21020,20100,20020,22000,22020,22000,22000,22000,22020,22222,22000,22002,22000,22000,22020,20020,20000,20020,21020,20002,21010,21020,20000,20000,20020,21020,21020,20002,20000,20020,20002,21010,20000,20020,20000,20000,21000
ernst,20100,20000,20000,20000,20000,20002,20000,20002,21022,20100,20000,21000,20100,20000,21000,20000,21000,20100,20000,20100,21000,20200,20200,20110,21010,20001,20000,20002,20100,20000,20001,20100,20000,20100,20100,20000,20002,21000,20010,20100,20100,20101,20100,20100,21100,20101,21101,20100,20000,22100,22000,22100,22022,22000,22000,22000,22222,22001,22002,22100,22100,20110,20010,20110,21011,20001,21001,21001,20011,20001,20111,21011,21001,20001,20011,20000,20000,21010,20002,20010,20002,20002,21001
ertoe,20001,20010,20001,20001,20002,20100,20010,20100,21101,20001,20000,21000,20001,20000,21001,20001,21001,20001,20001,20001,21001,20002,20002,20001,21001,20202,20020,20100,20000,20002,20102,20001,20002,20001,20001,20000,20101,21001,20001,20000,20001,20102,20002,20001,21010,20201,21201,20000,20001,22000,22001,22020,22100,22000,22001,22002,22100,22222,22100,22000,22001,20001,20000,20001,21201,20102,21101,21101,20120,20100,20101,21101,21201,20102,20100,20001,20002,21001,20100,20001,20120,20100,21200
eruit,20000,20000,20000,20000,20000,20012,20000,20202,21002,20000,20000,21000,20000,20020,21010,20010,21010,20010,20010,20010,21010,20010,20010,20010,21010,20011,20010,20022,20000,20000,20011,20000,20000,20000,20000,20020,20002,21000,20000,20020,20000,20001,20010,20000,21000,20001,21001,20000,20010,22000,22000,22000,22002,22010,22000,22000,22002,22001,22222,22000,22000,20000,20000,20000,21001,20001,21001,21001,20001,20001,20001,21001,21001,20201,20221,20100,20120,21000,20002,20000,20002,20002,21001
ervan,20002,20010,20000,20000,20000,20000,20000,20000,21000,20002,20020,21010,20002,20000,21000,20000,21000,20002,20000,20002,21000,20001,20001,20002,21000,20000,20200,20000,20011,20000,20000,20002,20000,20002,20002,20010,20000,21000,20000,20002,20001,20001,20001,20001,21001,20002,21001,20001,20000,22022,22000,22002,22000,22010,22000,22000,22001,22000,22000,22222,22202,20002,20020,20002,21000,20010,21000,21000,20000,20000,20002,21000,21000,20000,20000,20200,20000,21100,20010,20000,20000,20020,21010
erven,20022,20000,20020,20020,20010,20000,20000,20000,21010,20022,20000,21000,20022,20000,21020,20020,21020,20022,20020,20022,21020,20011,20011,20022,21020,20010,20200,20000,20001,20010,20010,20022,20020,20022,20022,20000,20010,21020,20020,20002,20021,20011,20011,20021,21001,20022,21021,20001,20020,22002,22020,22002,22000,22000,22020,22020,22001,22010,22000,22202,22222,20022,20000,20022,21020,20010,21010,21020,20000,20000,20022,21020,21020,20010,20000,20220,20010,21110,20000,20020,20000,20000,21000
espen,20022,20000,20020,20020,20010,20000,20000,20000,21010,20022,20000,20000,20022,20000,20020,20020,20020,20022,20020,20022,20020,20011,20011,21022,21020,20010,20000,20000,20001,20010,20010,20022,20220,20222,20022,20000,20010,20020,21020,20002,20021,20011,20011,20021,20001,20022,20021,20001,20120,20002,20020,20002,21000,20000,20020,20020,21001,20010,20000,20002,20022,22222,22000,22022,22020,20010,20010,20020,21000,20000,21022,21020,20020,20010,21000,20020,20010,21010,20000,21020,20000,20200,20000
essay,20000,20010,20000,20000,20000,20000,20000,20000,21000,20000,20020,20010,20000,20000,20000,20000,20000,20000,20000,20000,20000,20000,20000,20200,20200,20000,20000,20000,20010,20000,20000,20000,20000,20000,20000,20010,20000,20000,21000,20000,20000,20000,20000,20000,20000,20000,20000,20001,20000,20020,20000,20000,21000,20010,20000,20000,21000,20000,20000,20020,20000,22000,22222,22200,22000,20010,20000,20000,21000,20001,20200,20200,20000,20000,21000,20000,20000,21000,20010,21000,20000,20020,20010
essen,20022,20000,20020,20020,20010,20000,20000,20000,21010,20022,20000,20000,20022,20000,20020,20020,20020,20022,20020,20022,20020,20011,20011,20222,20220,20010,20000,20000,20001,20010,20010,20022,20020,20022,20022,20000,20010,20020,21020,20002,20021,20011,20011,20021,20001,20022,20021,20001,20020,20002,20020,20002,21000,20000,20020,20020,21001,20010,20000,20002,20022,22022,22200,22222,22020,20010,20010,20020,21000,20000,20222,20220,20020,20010,21000,20020,20010,21010,20000,21020,20000,20000,20000
ester,20020,20000,20020,20020,20010,20100,20000,20100,21111,20020,20000,20001,20020,20000,20022,20020,20022,20020,20020,20020,20022,20010,20010,21020,21022,20210,20000,20100,20000,20010,20110,20020,20020,20020,20020,20000,20110,20022,21020,20000,20020,20110,20010,20020,20001,20220,20222,20000,20020,20001,20022,20001,21101,20001,20022,20021,21101,20211,20101,20001,20021,22020,22000,22020,22222,20110,20111,20122,21100,20100,21120,21122,20222,20110,21100,20020,20010,21011,20100,21020,20100,20100,20201
etage,20001,20100,20001,20001,20002,21000,20000,21000,21001,20001,20210,20210,20011,20010,20001,20001,20001,20011,20001,20001,20001,20002,20002,20001,20001,21002,20000,21000,20200,20002,21002,20001,20002,20001,20001,20200,21001,20001,20001,20000,20011,21012,20022,20001,20000,21001,21001,20000,20001,20200,20011,20010,21010,20100,20001,20002,21000,21002,21000,20100,20001,20001,20100,20001,21001,22222,22001,22001,22000,22000,22001,22001,22001,22002,22000,20001,20002,20001,21200,20001,21000,21100,21100
eter1,20100,20000,20100,20100,20200,21000,20000,21000,21110,20100,20000,20020,20100,20000,20110,20100,20110,20100,20100,20100,20110,20100,20100,20100,20110,21100,20000,21000,20000,20100,21100,20100,20100,20100,20100,20000,21200,20110,20100,20000,20100,21100,20100,20100,20020,21100,21110,20000,20100,20010,20110,20010,21010,20010,20110,20110,21010,21110,21010,20010,20110,20100,20000,20100,21110,22100,22222,22110,22000,22000,22100,22110,22110,22100,22000,20100,20100,20220,21000,20100,21000,21000,21020
ether,20020,20000,20220,20220,20010,21000,20100,21000,21011,20020,20000,20001,20020,20000,20022,20020,20022,20020,20020,20020,20022,20010,20010,20020,20022,21010,20000,21000,20000,20010,21010,20020,20020,20020,20020,20000,21010,20022,20020,20000,20020,21010,20010,20020,20001,21020,21022,20000,20020,20001,20022,20001,21001,20001,20022,20021,21001,21011,21001,20001,20021,20020,20000,20020,21022,22010,22011,22222,22200,22200,22020,22022,22022,22010,22000,20020,20010,20011,21000,20020,21000,21000,21001
ethos,20000,20010,20200,20200,20000,21000,20110,21000,21001,20000,20000,20000,20000,20000,20000,20000,20000,20000,20000,20000,20000,20000,20000,20001,20001,21000,20020,21000,20000,20000,21000,20000,20000,20000,20000,20000,21000,20000,20002,20000,20000,21000,20000,20000,20010,21000,21000,20000,20000,20000,20000,20020,21001,20000,20000,20000,21001,21020,21000,20000,20000,20001,20001,20001,21001,22000,22000,22200,22222,22200,22001,22001,22000,22000,22002,20000,20000,20002,21000,20002,21020,21000,21000
ethyl,20000,20001,20200,20202,20001,21000,20100,21000,21000,20000,20002,20000,20000,20000,20000,20002,20000,20000,20002,20000,20000,20000,20000,20000,20000,21000,20002,21000,20001,20001,21001,20001,20001,20001,20001,20002,21001,20000,20000,20000,20002,21000,20000,20002,20000,21000,21000,20020,20000,20000,20000,20000,21000,20000,20000,20000,21000,21000,21000,20000,20000,20000,20010,20000,21000,22000,22000,22200,22200,22222,22000,22000,22000,22000,22000,20002,20000,20000,21000,20000,21000,21000,21000
etsen,20022,20000,20020,20020,20010,21000,20000,21000,21110,20022,20000,20000,20022,20000,20020,20020,20020,20022,20020,20022,20020,20011,20011,20222,20220,21010,20000,21000,20001,20010,21010,20022,20020,20022,20022,20000,21010,20020,20120,20002,20021,21011,20011,20021,20001,21022,21021,20001,20020,20002,20020,20002,21100,20000,20020,20020,21101,21010,21000,20002,20022,20122,20200,20222,21120,22010,22010,22020,22100,22000,22222,22220,22020,22010,22100,20020,20010,20110,21000,20120,21000,21000,21000
etser,20020,20000,20020,20020,20010,21000,20000,21000,21111,20020,20000,20001,20020,20000,20022,20020,20022,20020,20020,20020,20022,20010,20010,20220,20222,21010,20000,21000,20000,20010,21010,20020,20020,20020,20020,20000,21010,20022,20120,20000,20020,21010,20010,20020,20001,21020,21022,20000,20020,20001,20022,20001,21101,20001,20022,20021,21101,21011,21001,20001,20021,20120,20200,20220,21122,22010,22011,22022,22100,22000,22220,22222,22022,22010,22100,20020,20010,20111,21000,20120,21000,21000,21001
etter,20020,20000,20020,20020,20010,21000,20000,21000,21011,20020,20000,20001,20020,20000,20022,20020,20022,20020,20020,20020,20022,20010,20010,20020,20022,20210,20000,21000,20000,20010,21010,20020,20020,20020,20020,20000,21010,20022,20020,20000,20020,21010,20010,20020,20001,20220,20222,20000,20020,20001,20022,20001,21001,20001,20022,20021,21001,20211,21001,20001,20021,20020,20000,20020,20222,22010,22011,22022,22000,22000,22020,22022,22222,22010,22000,20020,20010,20011,21000,20020,21000,21000,20201
etude,20001,20000,20001,20001,20012,21010,20010,21210,21001,20001,20000,20010,20001,20000,20001,20001,20011,20001,20001,20001,20001,20022,20002,20001,20001,21002,20000,21000,20010,20022,21002,20001,20002,20001,20001,20000,21001,20001,20001,20000,20001,21002,20002,20001,20000,21001,21001,20000,20001,20000,20001,20000,21000,20000,20001,20002,21000,21002,21200,20000,20001,20001,20000,20001,21001,22002,22001,22001,22000,22000,22001,22001,22001,22222,22200,20101,20102,20001,21000,20001,21000,21000,21000
etuis,20000,20000,20000,20000,20000,21010,20000,21200,21001,20000,20000,20000,20000,20020,20010,20010,20010,20010,20010,20010,20010,20010,20010,20011,20011,21010,20010,21020,20000,20000,21010,20000,20000,20000,20000,20020,21000,20000,20002,20020,20000,21000,20010,20000,20000,21000,21000,20000,20010,20000,20000,20000,21001,20010,20000,20000,21001,21000,21220,20000,20000,20001,20001,20001,21001,22000,22000,22000,22002,22000,22001,22001,22000,22200,22222,20100,20120,20002,21000,20002,21000,21000,21000
euvel,20020,20001,20020,20022,20011,20000,20000,21000,20010,20020,20002,20000,20020,20000,20020,20022,20020,20020,20022,20020,20020,20010,20010,20020,20020,20010,20202,20000,20001,20011,20011,20021,20021,20021,20021,20002,20011,20020,20020,20000,20022,20010,20010,20022,20000,20020,20020,20000,20020,20000,20020,20000,20000,20000,20020,20020,20000,20010,21000,20200,20220,20020,20000,20020,20020,20010,20010,20020,20000,20002,20020,20020,20020,21010,21000,22222,22010,20110,20000,20020,20000,20000,20000
euzie,20001,20000,20001,20001,20002,20010,20000,21000,20001,20001,20000,20000,20001,20020,20011,20011,20011,20011,20011,20011,20011,20012,20112,20011,20011,20012,20010,20020,20000,20002,20012,20001,20002,20001,20201,20020,20001,20001,20001,20020,20001,20002,20012,20001,20000,20001,20001,20200,20011,20000,20001,20000,20000,20010,20001,20002,20000,20002,21020,20000,20001,20001,20000,20001,20001,20002,20001,20001,20000,20000,20001,20001,20001,21002,21020,22001,22222,20001,20000,20001,20000,20000,20000
evers,20100,20000,20100,20100,20200,20000,20000,20000,20111,20100,20000,20020,20100,20000,20110,20100,20110,20100,20100,20100,20110,20100,20100,20101,20111,20100,21000,20000,20000,20100,20100,20100,20100,20100,20100,20000,20200,20110,20102,20000,20100,20100,20100,20100,20020,20100,20110,20000,20100,20010,20110,20010,20011,20010,20110,20110,20011,20110,20010,21010,21110,20101,20001,20101,20111,20100,20220,20110,20002,20000,20101,20111,20110,20100,20002,21100,20100,22222,20000,20102,20000,20000,20020
exact,20000,20100,20010,20010,20000,20022,20020,20022,20002,20000,20200,20200,20000,20000,20000,20010,20000,20000,20000,20000,20000,20000,20000,20000,20000,20001,20000,20002,20200,20000,20001,20000,20000,20000,20000,20200,20002,20000,20000,20000,20000,20001,20000,20000,20000,20001,20001,20000,20000,20200,20000,20000,20002,20120,20000,20000,20002,20001,20002,20100,20000,20000,20100,20000,20001,20201,20001,20001,20001,20001,20001,20001,20001,20001,20001,20000,20000,20000,22222,22010,22002,22102,22101
exces,20020,20000,20120,20120,20010,20100,20100,20100,20011,20020,20000,20000,20020,20000,20020,20220,20020,20020,20020,20020,20020,20010,20010,20021,20021,20010,20000,20000,20000,20010,20010,20020,20020,20020,20020,20000,20010,20020,20022,20000,20020,20010,20010,20020,20000,20020,20020,20000,20020,20000,20020,20000,20001,20100,20020,20020,20001,20010,20000,20000,20020,20021,20001,20021,20021,20010,20010,20020,20002,20000,20021,20021,20020,20010,20002,20020,20010,20012,22100,22222,22000,22000,22000
exoot,20000,20200,20000,20000,20000,20002,20200,20002,20002,20000,20000,20000,20000,20000,20000,20000,20000,20000,20000,20000,20000,20000,20000,20000,20000,20001,20020,20002,20000,20000,20001,20000,20000,20000,20000,20000,20002,20000,20000,20000,20000,20001,20000,20000,20200,20001,20001,20000,20000,20000,20000,20020,20002,20000,20000,20000,20002,20021,20002,20000,20000,20000,20000,20000,20001,20001,20001,20001,20021,20001,20001,20001,20001,20001,20001,20000,20000,20000,22002,22000,22222,22002,22001
expat,20000,20010,20000,20000,20000,20002,20000,20002,20002,20000,20020,20010,20000,20000,20000,20000,20000,20000,20000,20000,20000,20000,20000,20000,20000,20001,20000,20002,20010,20000,20001,20000,20200,20200,20000,20010,20002,20000,20000,20000,20000,20001,20000,20000,20000,20001,20001,20000,20100,20020,20000,20000,20002,20010,20000,20000,20002,20001,20002,20020,20000,20200,20020,20000,20001,20011,20001,20001,20001,20001,20001,20001,20001,20001,20001,20000,20000,20000,22012,22000,22002,22222,22011
extra,20000,20002,20000,20000,20000,20100,20000,20100,20110,20000,20001,20021,20000,20000,20010,20000,20010,20000,20000,20000,20010,20000,20000,20000,20010,20200,20000,20100,20001,20000,20100,20000,20000,20000,20000,20001,20100,20010,20000,20000,20000,20100,20000,20000,20020,20200,20210,20000,20000,20011,20010,20010,20110,20012,20010,20010,20110,20210,20110,20011,20010,20000,20001,20000,20210,20101,20120,20110,20100,20100,20100,20110,20210,20100,20100,20000,20000,20020,22101,22000,22100,22101,22222
